ticket_id,client_id,opened_at,resolved_at,category,priority
ST000001,CL0505,2025-01-02 02:23:57,2025-01-05 02:21:19,Documents,Low
ST000002,CL0147,2025-01-02 08:59:56,2025-01-02 20:27:23,Technical,Medium
ST000003,CL0444,2025-01-02 11:47:06,2025-01-03 08:58:36,Technical,High
ST000004,CL0358,2025-01-02 14:11:41,2025-01-04 16:24:13,Compliance,Medium
ST000005,CL0027,2025-01-02 17:40:04,2025-01-03 17:33:08,Payment issue,High
ST000006,CL0312,2025-01-02 20:14:42,2025-01-05 12:31:40,Technical,Medium
ST000007,CL0288,2025-01-03 06:19:20,,Technical,High
ST000008,CL0444,2025-01-03 07:20:54,2025-01-04 17:34:42,Payment issue,Medium
ST000009,CL0157,2025-01-03 13:44:28,2025-01-06 05:12:42,Other,Low
ST000010,CL0129,2025-01-03 18:20:40,,Payment issue,Critical
ST000011,CL0027,2025-01-03 19:15:22,2025-01-03 21:36:53,Payment issue,Critical
ST000012,CL0173,2025-01-03 21:50:09,2025-01-04 12:18:57,Payment issue,High
ST000013,CL0104,2025-01-03 23:12:36,2025-01-04 10:35:54,Payment issue,High
ST000014,CL0147,2025-01-03 23:44:05,2025-01-05 09:03:43,Documents,Low
ST000015,CL0157,2025-01-04 06:25:04,2025-01-06 12:57:24,Compliance,Medium
ST000016,CL0179,2025-01-04 13:58:54,2025-01-05 12:17:37,Payment issue,High
ST000017,CL0432,2025-01-04 14:44:56,,Technical,Low
ST000018,CL0129,2025-01-04 14:55:27,2025-01-06 16:28:13,Compliance,Medium
ST000019,CL0250,2025-01-04 20:21:40,2025-01-07 17:31:05,Documents,Low
ST000020,CL0358,2025-01-04 20:57:47,2025-01-04 22:00:02,Payment issue,Critical
ST000021,CL0465,2025-01-05 02:53:14,2025-01-05 22:55:44,Payment issue,High
ST000022,CL0351,2025-01-05 04:23:51,2025-01-05 15:01:54,Payment issue,High
ST000023,CL0147,2025-01-05 05:20:30,2025-01-06 06:06:39,Compliance,Low
ST000024,CL0269,2025-01-05 08:45:09,2025-01-08 03:53:13,Payment issue,Medium
ST000025,CL0385,2025-01-05 08:57:39,2025-01-07 06:21:06,Technical,Medium
ST000026,CL0179,2025-01-05 09:10:37,2025-01-05 13:40:27,Payment issue,High
ST000027,CL0345,2025-01-05 09:34:59,2025-01-08 15:56:43,Payment issue,Low
ST000028,CL0505,2025-01-05 11:55:13,,Payment issue,High
ST000029,CL0385,2025-01-05 17:51:32,2025-01-09 09:37:48,Compliance,Low
ST000030,CL0485,2025-01-05 20:15:58,2025-01-08 13:49:13,Technical,Low
ST000031,CL0113,2025-01-05 23:42:09,2025-01-06 13:44:55,Payment issue,High
ST000032,CL0090,2025-01-06 09:45:53,2025-01-10 03:31:47,Payment issue,Low
ST000033,CL0050,2025-01-06 18:39:40,2025-01-08 01:51:33,Compliance,Low
ST000034,CL0102,2025-01-06 22:15:32,2025-01-08 00:43:17,Documents,Low
ST000035,CL0500,2025-01-07 11:17:06,2025-01-09 02:05:28,Compliance,Medium
ST000036,CL0257,2025-01-07 16:16:04,2025-01-11 06:01:02,Documents,Low
ST000037,CL0090,2025-01-07 23:43:43,2025-01-12 03:08:47,Documents,Low
ST000038,CL0147,2025-01-08 02:16:34,2025-01-09 00:48:01,Technical,High
ST000039,CL0485,2025-01-08 04:36:45,2025-01-09 18:28:00,Compliance,Medium
ST000040,CL0177,2025-01-08 08:58:15,2025-01-09 04:29:55,Payment issue,High
ST000041,CL0147,2025-01-08 09:16:19,2025-01-10 03:01:04,Payment issue,Medium
ST000042,CL0361,2025-01-08 12:53:48,2025-01-11 09:31:38,Compliance,Low
ST000043,CL0147,2025-01-09 00:54:07,2025-01-10 15:57:18,Documents,Low
ST000044,CL0431,2025-01-09 01:06:48,2025-01-11 14:27:47,Compliance,Medium
ST000045,CL0358,2025-01-09 03:33:06,2025-01-13 11:43:12,Technical,Low
ST000046,CL0288,2025-01-09 23:00:21,2025-01-10 02:21:44,Payment issue,High
ST000047,CL0269,2025-01-10 07:05:53,2025-01-11 03:06:17,Payment issue,Medium
ST000048,CL0358,2025-01-10 13:05:33,2025-01-11 00:34:08,Payment issue,Medium
ST000049,CL0345,2025-01-10 17:45:13,2025-01-12 13:08:18,Documents,Medium
ST000050,CL0505,2025-01-11 06:02:18,2025-01-11 20:44:21,Other,High
ST000051,CL0416,2025-01-11 08:08:15,2025-01-13 19:10:31,Compliance,Low
ST000052,CL0306,2025-01-11 15:34:38,2025-01-12 09:30:23,Other,Medium
ST000053,CL0500,2025-01-11 20:45:04,2025-01-12 11:38:05,Compliance,Medium
ST000054,CL0478,2025-01-11 22:53:56,2025-01-12 19:08:09,Payment issue,High
ST000055,CL0385,2025-01-12 04:40:41,2025-01-16 04:21:35,Account,Low
ST000056,CL0500,2025-01-12 18:38:20,2025-01-13 04:10:11,Payment issue,High
ST000057,CL0084,2025-01-13 08:06:46,2025-01-13 10:19:46,Payment issue,High
ST000058,CL0102,2025-01-13 08:21:52,2025-01-15 09:19:21,Documents,Medium
ST000059,CL0147,2025-01-13 20:29:21,2025-01-16 11:00:05,Other,Medium
ST000060,CL0299,2025-01-14 09:14:21,2025-01-15 06:51:00,Documents,High
ST000061,CL0168,2025-01-14 19:17:47,2025-01-17 01:32:22,Other,Low
ST000062,CL0143,2025-01-15 07:02:47,2025-01-17 14:57:11,Compliance,Low
ST000063,CL0269,2025-01-15 13:29:49,2025-01-16 13:37:33,Compliance,Medium
ST000064,CL0224,2025-01-16 03:40:09,2025-01-17 16:15:33,Technical,Medium
ST000065,CL0471,2025-01-16 11:40:59,2025-01-20 06:38:09,Documents,Low
ST000066,CL0345,2025-01-16 18:56:15,2025-01-17 01:57:13,Payment issue,High
ST000067,CL0114,2025-01-16 19:41:40,2025-01-17 01:40:56,Payment issue,High
ST000068,CL0358,2025-01-17 00:25:01,2025-01-19 07:34:13,Payment issue,Medium
ST000069,CL0147,2025-01-17 07:53:06,2025-01-19 12:01:45,Documents,Medium
ST000070,CL0361,2025-01-17 10:09:10,2025-01-18 21:01:32,Documents,Medium
ST000071,CL0288,2025-01-17 11:29:37,2025-01-17 17:46:11,Payment issue,Critical
ST000072,CL0444,2025-01-18 01:50:02,2025-01-18 08:16:33,Account,Critical
ST000073,CL0299,2025-01-18 02:03:13,2025-01-18 11:41:44,Compliance,Medium
ST000074,CL0358,2025-01-18 02:43:31,2025-01-18 08:24:52,Technical,High
ST000075,CL0416,2025-01-18 04:25:41,2025-01-19 00:13:16,Technical,Medium
ST000076,CL0177,2025-01-18 06:13:45,2025-01-18 15:48:24,Payment issue,High
ST000077,CL0485,2025-01-18 12:09:54,2025-01-19 10:41:44,Payment issue,High
ST000078,CL0288,2025-01-18 12:21:29,2025-01-18 18:42:53,Payment issue,High
ST000079,CL0147,2025-01-18 12:54:30,2025-01-19 04:52:48,Payment issue,High
ST000080,CL0257,2025-01-18 15:06:13,2025-01-21 09:21:37,Documents,Medium
ST000081,CL0505,2025-01-18 16:19:27,2025-01-19 14:50:46,Technical,High
ST000082,CL0127,2025-01-18 16:41:15,,Documents,Low
ST000083,CL0444,2025-01-19 04:25:39,2025-01-21 19:02:44,Payment issue,Medium
ST000084,CL0127,2025-01-19 07:06:27,2025-01-20 22:32:04,Payment issue,Low
ST000085,CL0325,2025-01-19 09:15:19,2025-01-20 23:24:43,Payment issue,Medium
ST000086,CL0102,2025-01-19 10:30:35,2025-01-21 01:56:49,Payment issue,Low
ST000087,CL0073,2025-01-19 12:36:58,2025-01-20 13:11:05,Technical,Low
ST000088,CL0147,2025-01-19 23:39:02,2025-01-20 01:39:03,Compliance,High
ST000089,CL0016,2025-01-20 02:08:20,2025-01-21 20:40:32,Payment issue,Low
ST000090,CL0358,2025-01-20 03:28:55,,Payment issue,Medium
ST000091,CL0015,2025-01-20 05:40:09,2025-01-21 19:22:57,Other,Medium
ST000092,CL0147,2025-01-20 08:05:41,2025-01-22 17:17:11,Payment issue,Medium
ST000093,CL0147,2025-01-20 09:31:23,2025-01-22 18:15:31,Account,Medium
ST000094,CL0114,2025-01-20 09:36:06,2025-01-20 18:56:07,Documents,Medium
ST000095,CL0179,2025-01-20 14:16:37,2025-01-22 23:40:35,Other,Medium
ST000096,CL0358,2025-01-21 01:13:03,2025-01-21 16:10:04,Payment issue,High
ST000097,CL0250,2025-01-21 04:13:57,2025-01-21 18:32:42,Account,Medium
ST000098,CL0306,2025-01-21 04:26:25,2025-01-25 08:34:13,Payment issue,Low
ST000099,CL0325,2025-01-21 11:59:58,2025-01-22 05:40:33,Technical,Medium
ST000100,CL0114,2025-01-21 16:20:34,2025-01-26 12:24:22,Payment issue,Low
ST000101,CL0385,2025-01-21 16:27:04,2025-01-26 00:04:47,Compliance,Low
ST000102,CL0147,2025-01-21 17:20:43,2025-01-21 21:41:01,Payment issue,High
ST000103,CL0125,2025-01-21 17:23:14,,Payment issue,Low
ST000104,CL0147,2025-01-22 09:15:26,2025-01-22 15:58:11,Technical,High
ST000105,CL0050,2025-01-22 10:24:55,2025-01-24 05:06:48,Documents,Low
ST000106,CL0183,2025-01-22 19:56:07,2025-01-24 02:08:27,Payment issue,Low
ST000107,CL0156,2025-01-23 00:06:16,2025-01-23 02:37:08,Account,High
ST000108,CL0385,2025-01-23 10:53:53,2025-01-24 06:37:49,Account,Medium
ST000109,CL0478,2025-01-23 11:21:28,2025-01-23 13:49:19,Compliance,Critical
ST000110,CL0313,2025-01-23 16:20:29,2025-01-23 23:36:21,Account,High
ST000111,CL0128,2025-01-23 20:02:00,2025-01-25 05:28:12,Technical,Low
ST000112,CL0299,2025-01-24 00:23:01,2025-01-26 14:47:46,Documents,Medium
ST000113,CL0015,2025-01-24 06:12:58,2025-01-26 13:36:06,Technical,Medium
ST000114,CL0147,2025-01-24 08:31:23,2025-01-24 12:01:00,Technical,High
ST000115,CL0345,2025-01-24 09:15:02,2025-01-29 08:36:50,Payment issue,Low
ST000116,CL0238,2025-01-24 14:13:47,2025-01-25 05:20:01,Payment issue,Medium
ST000117,CL0489,2025-01-24 22:07:52,2025-01-27 21:38:27,Payment issue,Medium
ST000118,CL0147,2025-01-24 23:19:20,2025-01-25 09:39:09,Account,High
ST000119,CL0238,2025-01-25 00:32:51,2025-01-25 04:37:58,Documents,High
ST000120,CL0452,2025-01-25 03:15:30,2025-01-25 13:18:28,Documents,High
ST000121,CL0401,2025-01-25 04:17:30,2025-01-29 11:33:49,Compliance,Low
ST000122,CL0114,2025-01-25 07:03:21,2025-01-25 18:31:07,Payment issue,High
ST000123,CL0007,2025-01-25 10:23:34,2025-01-29 03:51:09,Other,Low
ST000124,CL0378,2025-01-25 13:12:18,2025-01-29 04:09:01,Compliance,Low
ST000125,CL0291,2025-01-25 14:42:18,2025-01-26 12:16:02,Account,High
ST000126,CL0361,2025-01-25 16:03:26,2025-01-30 12:42:30,Account,Low
ST000127,CL0208,2025-01-25 16:22:07,2025-01-28 20:16:41,Documents,Low
ST000128,CL0186,2025-01-25 16:26:58,2025-01-27 09:44:44,Payment issue,Medium
ST000129,CL0201,2025-01-25 17:26:07,2025-01-28 10:19:40,Documents,Medium
ST000130,CL0186,2025-01-25 19:12:06,2025-01-26 01:25:15,Technical,Critical
ST000131,CL0107,2025-01-26 03:02:06,2025-01-26 09:37:36,Payment issue,Critical
ST000132,CL0192,2025-01-26 10:27:18,2025-01-26 16:52:03,Technical,High
ST000133,CL0128,2025-01-26 12:24:38,2025-01-28 10:06:14,Documents,Medium
ST000134,CL0063,2025-01-26 22:21:20,2025-01-29 12:42:34,Payment issue,Low
ST000135,CL0089,2025-01-26 23:44:34,2025-01-31 12:11:21,Account,Low
ST000136,CL0107,2025-01-27 02:52:50,2025-01-31 01:07:36,Payment issue,Low
ST000137,CL0033,2025-01-27 05:49:01,2025-01-30 15:59:09,Technical,Low
ST000138,CL0401,2025-01-27 07:16:57,2025-01-28 20:40:55,Documents,Low
ST000139,CL0486,2025-01-27 08:32:05,2025-01-30 05:00:18,Documents,Low
ST000140,CL0455,2025-01-27 08:33:21,2025-01-28 02:08:34,Compliance,Medium
ST000141,CL0373,2025-01-27 10:53:26,2025-02-01 07:27:36,Documents,Low
ST000142,CL0252,2025-01-27 12:20:37,2025-01-27 20:36:43,Technical,Medium
ST000143,CL0147,2025-01-27 12:56:11,2025-01-29 13:17:55,Payment issue,Low
ST000144,CL0467,2025-01-27 14:53:33,2025-01-28 14:31:56,Account,High
ST000145,CL0117,2025-01-27 15:20:34,2025-01-28 01:21:54,Technical,High
ST000146,CL0452,2025-01-27 16:24:48,2025-01-30 14:17:23,Account,Medium
ST000147,CL0186,2025-01-27 21:14:46,2025-01-29 03:21:18,Payment issue,Low
ST000148,CL0186,2025-01-27 22:34:12,2025-02-01 10:21:55,Compliance,Low
ST000149,CL0275,2025-01-28 01:57:20,2025-01-30 05:00:12,Payment issue,Medium
ST000150,CL0332,2025-01-28 05:54:48,2025-01-28 16:46:56,Payment issue,Medium
ST000151,CL0128,2025-01-28 06:40:03,2025-01-30 05:24:13,Payment issue,Medium
ST000152,CL0449,2025-01-28 08:24:39,2025-01-30 09:08:00,Technical,Medium
ST000153,CL0312,2025-01-28 08:49:31,2025-01-29 18:15:17,Other,Medium
ST000154,CL0117,2025-01-28 11:22:25,2025-01-29 10:02:57,Documents,High
ST000155,CL0219,2025-01-28 11:56:49,2025-01-30 15:44:22,Documents,Medium
ST000156,CL0019,2025-01-28 16:58:33,2025-01-31 06:48:58,Payment issue,Low
ST000157,CL0467,2025-01-28 17:32:17,2025-01-29 06:27:49,Payment issue,Medium
ST000158,CL0224,2025-01-28 22:00:27,2025-01-29 00:13:47,Other,Critical
ST000159,CL0373,2025-01-28 22:17:04,2025-01-30 14:24:25,Other,Medium
ST000160,CL0186,2025-01-29 00:32:48,2025-01-30 11:04:25,Payment issue,Medium
ST000161,CL0147,2025-01-29 00:44:04,2025-01-31 15:17:53,Technical,Low
ST000162,CL0063,2025-01-29 01:41:54,2025-01-29 05:49:11,Payment issue,Critical
ST000163,CL0467,2025-01-29 04:58:13,2025-01-29 11:49:28,Payment issue,High
ST000164,CL0183,2025-01-29 07:42:54,2025-01-30 02:35:27,Payment issue,High
ST000165,CL0186,2025-01-29 08:40:44,2025-02-01 23:52:03,Payment issue,Low
ST000166,CL0173,2025-01-29 13:58:48,2025-01-30 15:18:02,Technical,High
ST000167,CL0007,2025-01-29 15:49:36,2025-01-31 11:20:49,Technical,Medium
ST000168,CL0505,2025-01-29 16:47:07,2025-01-31 06:11:38,Compliance,Medium
ST000169,CL0169,2025-01-29 18:47:24,2025-01-29 23:34:42,Technical,Critical
ST000170,CL0107,2025-01-29 20:10:32,2025-01-30 22:58:46,Payment issue,Medium
ST000171,CL0398,2025-01-29 23:18:13,2025-01-31 00:07:31,Compliance,High
ST000172,CL0107,2025-01-29 23:18:31,2025-01-31 17:24:19,Compliance,Medium
ST000173,CL0361,2025-01-29 23:26:28,2025-02-03 03:15:04,Documents,Low
ST000174,CL0455,2025-01-30 04:58:23,2025-02-01 11:45:00,Payment issue,Medium
ST000175,CL0169,2025-01-30 07:41:46,2025-01-31 00:19:05,Technical,High
ST000176,CL0007,2025-01-30 07:50:21,2025-02-02 00:36:13,Payment issue,Low
ST000177,CL0455,2025-01-30 09:16:24,2025-01-30 15:41:44,Payment issue,High
ST000178,CL0107,2025-01-30 10:28:20,2025-01-30 18:14:13,Payment issue,High
ST000179,CL0459,2025-01-30 11:18:24,,Payment issue,Medium
ST000180,CL0186,2025-01-30 14:50:19,2025-02-02 18:49:55,Account,Low
ST000181,CL0275,2025-01-30 18:51:21,2025-02-03 16:41:48,Documents,Low
ST000182,CL0467,2025-01-30 22:31:13,2025-01-31 08:46:12,Technical,Medium
ST000183,CL0186,2025-01-30 22:38:05,2025-02-04 08:55:31,Other,Low
ST000184,CL0208,2025-01-31 00:51:17,2025-02-02 22:26:11,Technical,Medium
ST000185,CL0238,2025-01-31 01:59:27,2025-01-31 09:28:24,Payment issue,High
ST000186,CL0063,2025-01-31 04:56:59,2025-02-02 22:06:44,Account,Low
ST000187,CL0288,2025-01-31 08:04:13,2025-02-01 13:18:26,Compliance,Low
ST000188,CL0019,2025-01-31 08:06:11,2025-02-01 14:54:07,Payment issue,Medium
ST000189,CL0205,2025-01-31 08:22:06,2025-01-31 13:40:37,Documents,High
ST000190,CL0019,2025-01-31 08:26:44,2025-02-02 17:54:27,Documents,Low
ST000191,CL0019,2025-01-31 09:52:33,2025-02-02 12:56:13,Payment issue,Medium
ST000192,CL0179,2025-01-31 12:02:09,2025-01-31 14:23:43,Payment issue,Critical
ST000193,CL0452,2025-01-31 16:18:28,2025-02-02 19:28:28,Compliance,Low
ST000194,CL0199,2025-01-31 17:21:34,2025-02-02 09:57:45,Other,Medium
ST000195,CL0199,2025-01-31 18:10:31,2025-02-01 11:17:36,Documents,High
ST000196,CL0063,2025-02-01 01:10:27,2025-02-01 06:46:55,Payment issue,Critical
ST000197,CL0081,2025-02-02 01:03:41,2025-02-04 23:11:44,Documents,Medium
ST000198,CL0345,2025-02-02 09:26:01,2025-02-03 05:31:28,Compliance,High
ST000199,CL0465,2025-02-02 11:14:55,2025-02-05 07:44:21,Technical,Medium
ST000200,CL0500,2025-02-02 13:10:38,2025-02-02 14:15:46,Compliance,Critical
ST000201,CL0432,2025-02-02 13:31:53,2025-02-05 01:24:28,Account,Medium
ST000202,CL0485,2025-02-02 15:01:10,2025-02-03 01:46:40,Payment issue,High
ST000203,CL0478,2025-02-02 16:17:39,2025-02-05 01:14:12,Payment issue,Medium
ST000204,CL0147,2025-02-02 17:11:49,2025-02-04 04:26:56,Account,Medium
ST000205,CL0351,2025-02-02 17:34:07,2025-02-03 07:11:47,Compliance,High
ST000206,CL0121,2025-02-03 04:13:48,2025-02-05 07:22:31,Payment issue,Low
ST000207,CL0288,2025-02-03 08:23:00,2025-02-06 04:58:36,Payment issue,Medium
ST000208,CL0019,2025-02-03 17:12:54,2025-02-04 18:10:45,Payment issue,Medium
ST000209,CL0173,2025-02-03 20:26:11,2025-02-05 08:49:45,Payment issue,Low
ST000210,CL0269,2025-02-03 22:19:00,2025-02-05 12:31:14,Payment issue,Medium
ST000211,CL0248,2025-02-04 05:48:30,2025-02-04 16:44:13,Technical,High
ST000212,CL0173,2025-02-04 05:58:21,2025-02-09 01:38:25,Payment issue,Low
ST000213,CL0351,2025-02-04 06:53:04,2025-02-09 01:59:27,Payment issue,Low
ST000214,CL0027,2025-02-04 08:05:52,2025-02-05 04:23:24,Payment issue,High
ST000215,CL0291,2025-02-04 11:06:52,2025-02-07 04:05:09,Account,Medium
ST000216,CL0351,2025-02-04 13:56:46,2025-02-09 03:37:43,Technical,Low
ST000217,CL0090,2025-02-04 14:40:35,2025-02-04 23:05:54,Payment issue,Medium
ST000218,CL0157,2025-02-04 15:15:14,,Payment issue,High
ST000219,CL0288,2025-02-05 03:17:35,2025-02-07 23:57:07,Account,Medium
ST000220,CL0147,2025-02-05 04:06:06,2025-02-05 20:27:44,Payment issue,High
ST000221,CL0157,2025-02-05 08:58:01,2025-02-06 11:49:54,Payment issue,Low
ST000222,CL0416,2025-02-05 08:58:56,2025-02-07 17:28:32,Compliance,Medium
ST000223,CL0195,2025-02-05 12:11:38,2025-02-07 11:35:29,Other,Low
ST000224,CL0312,2025-02-05 13:15:50,2025-02-08 06:10:59,Payment issue,Low
ST000225,CL0505,2025-02-06 01:29:27,2025-02-10 13:57:19,Payment issue,Low
ST000226,CL0073,2025-02-06 03:47:35,2025-02-07 12:42:39,Payment issue,Low
ST000227,CL0288,2025-02-06 06:05:14,2025-02-07 02:03:20,Payment issue,High
ST000228,CL0385,2025-02-06 06:25:35,,Payment issue,Medium
ST000229,CL0019,2025-02-06 08:11:44,2025-02-08 09:34:26,Payment issue,Medium
ST000230,CL0147,2025-02-06 20:51:46,2025-02-07 00:14:16,Payment issue,Critical
ST000231,CL0147,2025-02-06 22:47:13,2025-02-11 06:28:18,Technical,Low
ST000232,CL0248,2025-02-07 06:07:22,2025-02-08 20:02:33,Documents,Medium
ST000233,CL0313,2025-02-07 19:59:59,,Compliance,Low
ST000234,CL0147,2025-02-07 22:41:28,2025-02-08 05:55:49,Payment issue,High
ST000235,CL0303,2025-02-08 00:16:32,2025-02-10 03:44:32,Payment issue,Low
ST000236,CL0127,2025-02-08 01:05:00,2025-02-08 08:49:12,Payment issue,High
ST000237,CL0464,2025-02-08 07:14:20,2025-02-10 18:42:45,Account,Low
ST000238,CL0325,2025-02-08 08:18:07,2025-02-11 13:59:37,Documents,Low
ST000239,CL0228,2025-02-08 10:46:59,2025-02-09 12:21:25,Payment issue,Low
ST000240,CL0147,2025-02-08 12:32:27,2025-02-11 07:39:50,Compliance,Low
ST000241,CL0168,2025-02-08 14:11:54,2025-02-09 00:45:36,Payment issue,Medium
ST000242,CL0416,2025-02-08 21:15:11,2025-02-10 03:57:16,Payment issue,Medium
ST000243,CL0173,2025-02-08 23:19:05,2025-02-13 00:28:50,Account,Low
ST000244,CL0078,2025-02-09 00:10:54,2025-02-09 03:23:04,Payment issue,Critical
ST000245,CL0192,2025-02-09 06:50:08,2025-02-12 06:48:15,Payment issue,Medium
ST000246,CL0128,2025-02-09 08:13:55,2025-02-10 03:40:30,Documents,Medium
ST000247,CL0500,2025-02-09 09:26:08,2025-02-12 04:33:25,Technical,Medium
ST000248,CL0489,2025-02-09 17:53:30,2025-02-10 01:23:54,Payment issue,Critical
ST000249,CL0177,2025-02-10 01:18:51,2025-02-11 21:23:51,Other,Low
ST000250,CL0125,2025-02-10 15:45:05,2025-02-10 18:47:03,Other,Critical
ST000251,CL0156,2025-02-10 17:39:02,2025-02-14 12:33:22,Other,Low
ST000252,CL0478,2025-02-10 20:40:58,2025-02-13 02:33:33,Compliance,Low
ST000253,CL0250,2025-02-11 08:09:41,2025-02-13 13:48:26,Payment issue,Low
ST000254,CL0102,2025-02-11 11:03:01,2025-02-12 13:57:29,Compliance,Low
ST000255,CL0090,2025-02-11 12:53:23,2025-02-13 11:47:50,Technical,Low
ST000256,CL0485,2025-02-11 18:44:20,2025-02-14 09:21:17,Compliance,Low
ST000257,CL0019,2025-02-11 20:35:04,2025-02-16 19:58:58,Technical,Low
ST000258,CL0420,2025-02-11 22:32:18,2025-02-13 05:24:59,Payment issue,Low
ST000259,CL0087,2025-02-11 23:31:02,2025-02-13 20:28:26,Documents,Medium
ST000260,CL0478,2025-02-11 23:40:35,2025-02-14 06:48:25,Compliance,Medium
ST000261,CL0407,2025-02-11 23:46:03,2025-02-14 22:31:00,Documents,Medium
ST000262,CL0084,2025-02-12 12:56:40,2025-02-13 15:29:25,Payment issue,Medium
ST000263,CL0361,2025-02-13 03:48:25,2025-02-14 20:10:12,Documents,Low
ST000264,CL0199,2025-02-13 05:14:27,2025-02-17 00:15:56,Payment issue,Low
ST000265,CL0113,2025-02-13 11:31:51,2025-02-14 11:34:57,Compliance,Medium
ST000266,CL0228,2025-02-13 21:32:16,2025-02-14 12:12:57,Documents,High
ST000267,CL0416,2025-02-13 22:15:50,2025-02-16 12:27:13,Compliance,Low
ST000268,CL0113,2025-02-13 23:01:11,2025-02-16 00:28:44,Payment issue,Medium
ST000269,CL0201,2025-02-14 06:54:43,2025-02-15 17:46:18,Compliance,Medium
ST000270,CL0147,2025-02-14 07:40:01,2025-02-15 12:09:31,Account,Medium
ST000271,CL0177,2025-02-14 15:14:45,2025-02-16 03:14:49,Technical,Low
ST000272,CL0104,2025-02-14 15:33:59,2025-02-15 18:03:52,Documents,Medium
ST000273,CL0248,2025-02-14 23:15:51,2025-02-15 10:18:21,Documents,High
ST000274,CL0019,2025-02-14 23:16:41,2025-02-15 23:31:35,Payment issue,High
ST000275,CL0385,2025-02-15 00:29:32,2025-02-15 04:53:51,Payment issue,Critical
ST000276,CL0312,2025-02-15 01:36:22,2025-02-16 19:19:46,Documents,Medium
ST000277,CL0195,2025-02-15 02:01:07,2025-02-15 03:04:21,Account,Critical
ST000278,CL0224,2025-02-15 18:38:30,2025-02-18 00:10:12,Payment issue,Low
ST000279,CL0485,2025-02-15 19:37:26,2025-02-16 03:17:21,Payment issue,Critical
ST000280,CL0096,2025-02-15 21:44:30,2025-02-18 19:45:07,Documents,Low
ST000281,CL0157,2025-02-15 22:30:41,2025-02-20 07:54:00,Payment issue,Low
ST000282,CL0459,2025-02-16 04:18:39,2025-02-16 19:11:53,Documents,Medium
ST000283,CL0183,2025-02-16 08:44:02,2025-02-19 01:32:16,Payment issue,Medium
ST000284,CL0420,2025-02-16 10:31:11,2025-02-17 08:48:18,Other,High
ST000285,CL0500,2025-02-16 22:47:42,2025-02-17 04:20:44,Payment issue,High
ST000286,CL0195,2025-02-17 01:59:15,2025-02-17 19:38:20,Payment issue,High
ST000287,CL0096,2025-02-17 04:09:39,2025-02-19 10:30:17,Technical,Medium
ST000288,CL0127,2025-02-17 07:21:49,2025-02-19 18:54:29,Payment issue,Low
ST000289,CL0147,2025-02-17 08:27:33,2025-02-20 01:09:58,Payment issue,Medium
ST000290,CL0358,2025-02-17 11:00:21,2025-02-19 12:21:05,Payment issue,Medium
ST000291,CL0269,2025-02-17 18:03:02,2025-02-20 05:39:28,Account,Medium
ST000292,CL0173,2025-02-18 02:56:43,2025-02-20 11:43:25,Payment issue,Low
ST000293,CL0016,2025-02-18 05:07:46,2025-02-19 17:38:57,Other,Low
ST000294,CL0332,2025-02-18 07:09:16,2025-02-19 00:52:08,Documents,Medium
ST000295,CL0127,2025-02-18 09:52:15,2025-02-20 19:29:04,Technical,Medium
ST000296,CL0242,2025-02-18 21:28:38,2025-02-21 15:31:48,Other,Medium
ST000297,CL0019,2025-02-18 23:52:49,2025-02-20 07:12:07,Payment issue,Medium
ST000298,CL0420,2025-02-19 04:08:24,2025-02-19 15:22:44,Technical,Medium
ST000299,CL0449,2025-02-19 04:45:55,2025-02-19 19:17:53,Technical,Medium
ST000300,CL0444,2025-02-19 08:54:14,2025-02-19 18:59:31,Payment issue,High
ST000301,CL0015,2025-02-19 14:52:01,2025-02-19 23:16:30,Other,Critical
ST000302,CL0432,2025-02-19 15:13:10,2025-02-19 23:15:47,Compliance,Medium
ST000303,CL0322,2025-02-19 16:53:02,2025-02-20 21:07:59,Technical,Low
ST000304,CL0129,2025-02-19 20:11:59,2025-02-21 08:41:02,Technical,Low
ST000305,CL0147,2025-02-20 02:36:24,2025-02-21 09:02:59,Compliance,Medium
ST000306,CL0385,2025-02-20 07:54:33,2025-02-21 09:02:43,Technical,High
ST000307,CL0379,2025-02-20 11:46:17,2025-02-23 10:20:06,Technical,Low
ST000308,CL0195,2025-02-20 14:16:17,2025-02-20 22:47:18,Payment issue,High
ST000309,CL0205,2025-02-20 16:42:59,2025-02-21 11:48:48,Technical,High
ST000310,CL0465,2025-02-20 17:23:46,,Documents,Medium
ST000311,CL0505,2025-02-21 00:01:28,2025-02-24 13:03:44,Account,Low
ST000312,CL0183,2025-02-21 18:19:53,2025-02-23 06:22:19,Technical,Medium
ST000313,CL0174,2025-02-22 08:02:32,2025-02-23 19:14:16,Compliance,Low
ST000314,CL0485,2025-02-22 12:21:00,2025-02-22 13:26:50,Payment issue,Critical
ST000315,CL0147,2025-02-22 23:36:28,,Compliance,Medium
ST000316,CL0147,2025-02-22 23:42:15,2025-02-24 23:32:01,Account,Medium
ST000317,CL0095,2025-02-23 06:43:17,2025-02-25 09:08:27,Payment issue,Medium
ST000318,CL0299,2025-02-24 01:50:19,2025-02-26 15:09:13,Account,Medium
ST000319,CL0267,2025-02-24 11:08:36,2025-02-28 08:53:39,Payment issue,Low
ST000320,CL0351,2025-02-24 14:12:25,2025-02-26 18:26:27,Account,Medium
ST000321,CL0288,2025-02-24 15:21:09,2025-03-01 12:27:49,Documents,Low
ST000322,CL0299,2025-02-24 18:55:00,2025-02-28 09:03:53,Account,Low
ST000323,CL0114,2025-02-24 21:01:55,2025-02-26 05:32:07,Payment issue,Medium
ST000324,CL0457,2025-02-25 01:12:34,2025-02-26 13:46:52,Other,Low
ST000325,CL0345,2025-02-25 15:08:07,2025-02-27 12:33:36,Technical,Medium
ST000326,CL0275,2025-02-25 16:12:24,2025-02-26 17:12:03,Other,High
ST000327,CL0452,2025-02-25 17:25:43,2025-02-27 02:47:48,Technical,Medium
ST000328,CL0114,2025-02-25 17:34:38,2025-02-28 11:21:42,Technical,Medium
ST000329,CL0452,2025-02-25 18:01:59,2025-02-26 07:24:18,Documents,High
ST000330,CL0007,2025-02-25 18:13:07,2025-03-02 01:13:33,Account,Low
ST000331,CL0033,2025-02-25 22:58:39,2025-02-28 00:43:00,Documents,Medium
ST000332,CL0201,2025-02-26 04:18:05,2025-02-27 21:58:26,Payment issue,Low
ST000333,CL0275,2025-02-26 04:41:15,2025-02-26 23:26:45,Compliance,High
ST000334,CL0269,2025-02-26 10:30:17,2025-02-28 08:07:59,Account,Low
ST000335,CL0318,2025-02-26 10:35:36,2025-03-03 09:56:15,Compliance,Low
ST000336,CL0455,2025-02-26 12:16:16,2025-02-27 13:44:46,Payment issue,Medium
ST000337,CL0152,2025-02-26 16:14:50,2025-03-03 13:55:00,Account,Low
ST000338,CL0288,2025-02-26 16:16:17,2025-02-28 02:02:28,Account,Low
ST000339,CL0050,2025-02-26 16:29:49,2025-02-26 20:21:41,Payment issue,High
ST000340,CL0300,2025-02-26 18:06:10,2025-02-26 21:39:02,Account,High
ST000341,CL0107,2025-02-26 20:19:54,2025-02-28 19:41:25,Payment issue,Medium
ST000342,CL0306,2025-02-26 21:43:47,2025-03-03 15:48:12,Payment issue,Low
ST000343,CL0322,2025-02-27 00:49:21,2025-03-02 11:30:45,Payment issue,Low
ST000344,CL0125,2025-02-27 03:38:04,2025-03-01 07:51:40,Other,Low
ST000345,CL0452,2025-02-27 03:40:36,2025-03-01 05:34:48,Account,Low
ST000346,CL0467,2025-02-27 06:55:08,2025-03-01 13:47:23,Compliance,Low
ST000347,CL0115,2025-02-27 08:06:12,2025-03-01 23:56:45,Payment issue,Medium
ST000348,CL0318,2025-02-27 09:00:36,2025-02-28 10:50:36,Other,Medium
ST000349,CL0489,2025-02-27 09:40:59,2025-02-28 04:59:37,Payment issue,Medium
ST000350,CL0107,2025-02-27 10:35:24,2025-02-27 15:11:17,Payment issue,Critical
ST000351,CL0415,2025-02-27 11:16:01,2025-03-04 06:11:36,Technical,Low
ST000352,CL0252,2025-02-27 12:01:51,2025-02-28 00:03:01,Technical,Medium
ST000353,CL0123,2025-02-27 12:17:25,2025-03-01 21:01:48,Payment issue,Medium
ST000354,CL0455,2025-02-27 12:32:54,2025-03-01 05:12:55,Documents,Medium
ST000355,CL0107,2025-02-27 13:11:42,2025-02-28 15:05:06,Payment issue,High
ST000356,CL0398,2025-02-27 13:40:56,2025-02-28 05:20:22,Account,High
ST000357,CL0186,2025-02-27 14:21:06,2025-02-27 18:28:32,Compliance,Critical
ST000358,CL0199,2025-02-27 14:24:12,2025-02-27 21:28:37,Technical,High
ST000359,CL0299,2025-02-27 14:44:12,2025-02-28 14:05:31,Technical,High
ST000360,CL0373,2025-02-27 19:05:16,2025-02-28 12:26:20,Compliance,High
ST000361,CL0107,2025-02-27 19:34:37,2025-02-28 18:24:16,Payment issue,High
ST000362,CL0208,2025-02-27 20:28:43,2025-03-02 19:34:25,Documents,Medium
ST000363,CL0007,2025-02-28 00:43:53,2025-02-28 14:16:16,Other,High
ST000364,CL0415,2025-02-28 00:45:17,2025-03-01 23:12:09,Account,Medium
ST000365,CL0398,2025-02-28 01:40:53,2025-03-05 00:55:07,Compliance,Low
ST000366,CL0459,2025-02-28 02:51:50,2025-03-02 16:15:02,Account,Medium
ST000367,CL0240,2025-02-28 03:20:12,2025-03-04 07:14:22,Payment issue,Low
ST000368,CL0364,2025-02-28 04:14:39,2025-02-28 12:28:50,Technical,Critical
ST000369,CL0107,2025-02-28 05:44:06,2025-03-01 10:52:29,Payment issue,Medium
ST000370,CL0275,2025-02-28 07:34:49,2025-03-01 05:52:53,Payment issue,Medium
ST000371,CL0318,2025-02-28 08:24:32,2025-02-28 16:43:58,Other,Critical
ST000372,CL0033,2025-02-28 11:27:49,2025-03-01 08:51:27,Account,High
ST000373,CL0416,2025-02-28 11:59:46,2025-03-01 07:16:24,Compliance,Medium
ST000374,CL0195,2025-02-28 14:26:32,2025-03-02 22:16:43,Other,Low
ST000375,CL0107,2025-02-28 14:35:00,2025-03-04 14:26:08,Payment issue,Low
ST000376,CL0320,2025-02-28 14:57:38,2025-02-28 22:58:57,Documents,Medium
ST000377,CL0115,2025-02-28 15:01:41,2025-03-05 02:06:01,Payment issue,Low
ST000378,CL0364,2025-02-28 15:13:38,2025-03-01 19:18:26,Payment issue,Medium
ST000379,CL0467,2025-02-28 15:47:56,2025-03-04 22:22:35,Compliance,Low
ST000380,CL0485,2025-02-28 16:38:01,2025-03-01 13:01:33,Payment issue,High
ST000381,CL0380,2025-02-28 17:28:58,2025-03-05 15:51:50,Payment issue,Low
ST000382,CL0275,2025-02-28 18:24:05,2025-03-05 03:58:39,Account,Low
ST000383,CL0467,2025-02-28 18:47:08,2025-03-02 18:32:33,Documents,Medium
ST000384,CL0308,2025-02-28 22:32:52,2025-03-03 11:02:44,Payment issue,Medium
ST000385,CL0027,2025-03-01 13:44:22,2025-03-06 05:08:20,Other,Low
ST000386,CL0385,2025-03-01 13:48:04,2025-03-04 02:36:55,Documents,Medium
ST000387,CL0242,2025-03-01 17:56:45,2025-03-06 03:49:27,Compliance,Low
ST000388,CL0081,2025-03-01 18:20:30,2025-03-04 14:00:46,Payment issue,Low
ST000389,CL0127,2025-03-01 19:47:40,2025-03-02 13:33:22,Account,Medium
ST000390,CL0385,2025-03-01 21:08:00,2025-03-02 02:29:27,Payment issue,High
ST000391,CL0015,2025-03-01 22:30:14,2025-03-02 09:19:28,Payment issue,High
ST000392,CL0050,2025-03-02 05:07:55,2025-03-02 11:57:17,Account,High
ST000393,CL0416,2025-03-02 08:01:46,2025-03-02 11:02:39,Payment issue,Critical
ST000394,CL0186,2025-03-02 13:28:05,,Payment issue,High
ST000395,CL0306,2025-03-02 17:51:09,2025-03-04 19:56:16,Payment issue,Low
ST000396,CL0267,2025-03-02 18:54:56,2025-03-02 21:19:38,Payment issue,Critical
ST000397,CL0401,2025-03-02 21:52:36,2025-03-03 20:27:09,Compliance,Medium
ST000398,CL0485,2025-03-02 23:10:16,2025-03-04 03:38:26,Payment issue,Medium
ST000399,CL0351,2025-03-03 09:20:19,2025-03-03 17:18:01,Payment issue,High
ST000400,CL0019,2025-03-03 11:23:50,2025-03-05 02:23:48,Technical,Medium
ST000401,CL0183,2025-03-03 13:59:28,2025-03-06 06:41:46,Payment issue,Medium
ST000402,CL0027,2025-03-03 14:54:59,2025-03-08 12:14:55,Documents,Low
ST000403,CL0027,2025-03-03 19:38:08,2025-03-06 11:38:15,Account,Medium
ST000404,CL0104,2025-03-04 00:33:59,2025-03-04 06:57:49,Payment issue,Critical
ST000405,CL0267,2025-03-04 11:27:20,2025-03-06 23:50:34,Payment issue,Low
ST000406,CL0073,2025-03-04 12:40:55,2025-03-06 03:47:24,Documents,Low
ST000407,CL0147,2025-03-04 16:49:51,2025-03-06 03:51:36,Documents,Medium
ST000408,CL0050,2025-03-04 17:07:16,2025-03-08 23:07:18,Compliance,Low
ST000409,CL0327,2025-03-04 19:44:11,2025-03-05 06:04:08,Account,High
ST000410,CL0300,2025-03-05 18:28:16,2025-03-08 11:48:09,Account,Medium
ST000411,CL0459,2025-03-07 15:26:06,2025-03-08 09:11:17,Documents,High
ST000412,CL0327,2025-03-08 07:49:12,2025-03-10 01:34:20,Payment issue,Medium
ST000413,CL0327,2025-03-08 12:17:57,2025-03-09 06:29:54,Payment issue,High
ST000414,CL0327,2025-03-08 12:36:45,2025-03-08 16:09:35,Payment issue,Critical
ST000415,CL0174,2025-03-08 19:30:22,2025-03-11 15:32:18,Documents,Medium
ST000416,CL0485,2025-03-08 19:30:35,2025-03-09 16:38:38,Payment issue,Medium
ST000417,CL0090,2025-03-08 20:51:34,2025-03-10 00:19:47,Compliance,Low
ST000418,CL0147,2025-03-08 21:46:27,2025-03-09 09:33:36,Payment issue,High
ST000419,CL0183,2025-03-09 04:17:21,2025-03-09 17:45:26,Payment issue,High
ST000420,CL0438,2025-03-09 06:31:15,2025-03-11 00:29:37,Payment issue,Medium
ST000421,CL0114,2025-03-09 20:02:26,2025-03-10 17:13:43,Payment issue,High
ST000422,CL0343,2025-03-09 21:02:33,2025-03-14 18:17:51,Documents,Low
ST000423,CL0306,2025-03-10 02:16:08,2025-03-10 20:13:07,Compliance,High
ST000424,CL0199,2025-03-10 07:57:58,2025-03-14 08:39:55,Payment issue,Low
ST000425,CL0147,2025-03-10 11:30:50,2025-03-11 15:53:54,Technical,Low
ST000426,CL0005,2025-03-10 23:02:06,2025-03-11 02:15:41,Payment issue,High
ST000427,CL0027,2025-03-10 23:57:10,2025-03-13 00:09:01,Payment issue,Medium
ST000428,CL0438,2025-03-11 07:01:37,2025-03-14 10:22:36,Compliance,Low
ST000429,CL0385,2025-03-11 16:27:07,2025-03-13 06:09:49,Other,Medium
ST000430,CL0407,2025-03-12 05:37:46,2025-03-12 22:55:18,Documents,High
ST000431,CL0312,2025-03-12 06:12:23,2025-03-13 13:53:48,Documents,Medium
ST000432,CL0104,2025-03-12 10:11:42,2025-03-12 23:02:21,Documents,High
ST000433,CL0385,2025-03-12 15:51:04,2025-03-12 22:12:27,Account,Critical
ST000434,CL0269,2025-03-12 21:23:34,2025-03-14 23:22:36,Compliance,Low
ST000435,CL0168,2025-03-13 06:32:38,2025-03-14 03:41:37,Documents,Medium
ST000436,CL0301,2025-03-13 11:37:49,2025-03-14 14:23:32,Payment issue,Medium
ST000437,CL0343,2025-03-13 13:54:45,2025-03-16 21:12:33,Other,Low
ST000438,CL0088,2025-03-13 16:15:04,2025-03-13 21:15:13,Payment issue,High
ST000439,CL0485,2025-03-13 17:33:40,2025-03-17 07:16:08,Payment issue,Low
ST000440,CL0291,2025-03-14 02:41:44,2025-03-15 18:14:18,Technical,Low
ST000441,CL0113,2025-03-14 03:35:02,2025-03-16 11:54:25,Documents,Medium
ST000442,CL0015,2025-03-14 18:53:04,2025-03-17 09:37:11,Technical,Medium
ST000443,CL0385,2025-03-15 01:15:35,2025-03-16 09:49:16,Documents,Medium
ST000444,CL0005,2025-03-15 01:40:50,2025-03-17 20:40:22,Compliance,Medium
ST000445,CL0438,2025-03-15 14:21:40,2025-03-16 01:59:27,Documents,Medium
ST000446,CL0327,2025-03-15 15:26:40,2025-03-16 14:38:22,Documents,High
ST000447,CL0032,2025-03-15 15:36:05,2025-03-17 21:20:04,Technical,Low
ST000448,CL0505,2025-03-15 15:38:13,2025-03-19 02:04:35,Documents,Low
ST000449,CL0351,2025-03-15 17:02:43,2025-03-18 13:13:14,Technical,Medium
ST000450,CL0325,2025-03-15 18:02:02,2025-03-16 02:09:04,Payment issue,Critical
ST000451,CL0099,2025-03-15 18:39:57,2025-03-15 22:56:05,Payment issue,Critical
ST000452,CL0005,2025-03-15 21:41:24,2025-03-17 07:25:55,Payment issue,Medium
ST000453,CL0019,2025-03-16 00:05:10,2025-03-18 03:18:39,Payment issue,Medium
ST000454,CL0327,2025-03-16 08:26:28,2025-03-16 14:49:09,Compliance,High
ST000455,CL0438,2025-03-16 21:59:28,2025-03-18 08:35:32,Payment issue,Medium
ST000456,CL0299,2025-03-16 23:45:16,2025-03-19 15:42:33,Documents,Low
ST000457,CL0073,2025-03-17 03:13:12,2025-03-17 08:52:23,Payment issue,High
ST000458,CL0168,2025-03-17 04:21:10,2025-03-19 15:16:15,Account,Medium
ST000459,CL0332,2025-03-17 06:35:53,2025-03-18 21:54:41,Documents,Medium
ST000460,CL0267,2025-03-17 10:47:55,2025-03-18 20:28:54,Compliance,Medium
ST000461,CL0300,2025-03-17 17:08:19,2025-03-19 10:13:59,Account,Medium
ST000462,CL0168,2025-03-17 21:02:06,2025-03-18 19:29:35,Technical,High
ST000463,CL0425,2025-03-18 03:08:55,2025-03-18 17:44:51,Payment issue,Medium
ST000464,CL0095,2025-03-18 04:00:19,2025-03-20 16:45:31,Compliance,Low
ST000465,CL0095,2025-03-18 06:59:21,2025-03-20 23:47:14,Other,Medium
ST000466,CL0478,2025-03-18 07:12:49,2025-03-20 01:00:36,Documents,Low
ST000467,CL0127,2025-03-18 13:14:22,2025-03-18 17:56:40,Payment issue,Critical
ST000468,CL0442,2025-03-18 17:25:57,2025-03-20 06:35:32,Payment issue,Medium
ST000469,CL0129,2025-03-18 18:02:23,2025-03-20 17:08:32,Payment issue,Medium
ST000470,CL0143,2025-03-19 08:35:16,2025-03-21 17:32:26,Account,Low
ST000471,CL0129,2025-03-19 13:55:30,2025-03-20 13:44:22,Technical,High
ST000472,CL0505,2025-03-19 16:26:30,2025-03-21 12:41:33,Payment issue,Medium
ST000473,CL0416,2025-03-19 18:12:47,2025-03-19 20:12:19,Compliance,Critical
ST000474,CL0291,2025-03-20 04:03:52,2025-03-23 11:47:20,Technical,Low
ST000475,CL0072,2025-03-20 08:10:21,2025-03-20 17:39:50,Payment issue,High
ST000476,CL0267,2025-03-20 09:50:57,2025-03-20 21:48:23,Technical,High
ST000477,CL0183,2025-03-20 10:56:54,2025-03-21 11:21:47,Technical,High
ST000478,CL0114,2025-03-20 11:13:39,2025-03-22 00:25:21,Documents,Medium
ST000479,CL0325,2025-03-20 23:26:48,2025-03-21 02:44:29,Documents,Critical
ST000480,CL0068,2025-03-21 03:58:05,2025-03-23 16:09:25,Account,Medium
ST000481,CL0312,2025-03-21 09:03:41,2025-03-22 10:53:05,Payment issue,High
ST000482,CL0168,2025-03-21 16:39:21,2025-03-22 04:00:56,Account,Medium
ST000483,CL0073,2025-03-22 02:54:40,2025-03-23 04:15:11,Compliance,High
ST000484,CL0183,2025-03-22 04:30:01,2025-03-24 14:40:35,Account,Medium
ST000485,CL0442,2025-03-22 15:28:47,2025-03-24 18:24:30,Compliance,Low
ST000486,CL0327,2025-03-22 21:57:05,2025-03-25 21:02:06,Other,Medium
ST000487,CL0407,2025-03-23 00:28:20,2025-03-24 20:15:10,Documents,Medium
ST000488,CL0183,2025-03-23 10:51:52,2025-03-26 00:32:04,Compliance,Medium
ST000489,CL0201,2025-03-24 02:04:42,2025-03-24 04:42:25,Payment issue,High
ST000490,CL0396,2025-03-24 02:48:31,2025-03-27 05:33:00,Other,Low
ST000491,CL0113,2025-03-24 07:12:15,2025-03-24 22:47:13,Payment issue,Medium
ST000492,CL0299,2025-03-24 10:03:42,2025-03-24 12:59:44,Technical,High
ST000493,CL0442,2025-03-24 11:54:12,2025-03-26 04:01:43,Other,Medium
ST000494,CL0299,2025-03-24 12:37:02,2025-03-24 17:58:31,Payment issue,High
ST000495,CL0449,2025-03-24 13:40:36,2025-03-25 21:20:20,Documents,Medium
ST000496,CL0449,2025-03-24 14:06:18,2025-03-26 09:54:03,Payment issue,Low
ST000497,CL0442,2025-03-24 19:23:48,2025-03-27 08:48:56,Payment issue,Low
ST000498,CL0205,2025-03-24 19:44:52,2025-03-25 08:09:04,Compliance,Medium
ST000499,CL0327,2025-03-25 00:37:39,,Payment issue,Low
ST000500,CL0291,2025-03-25 01:37:16,2025-03-27 06:13:37,Documents,Low
ST000501,CL0208,2025-03-25 02:39:02,2025-03-27 23:14:18,Payment issue,Medium
ST000502,CL0327,2025-03-25 07:41:45,2025-03-25 16:01:33,Account,High
ST000503,CL0380,2025-03-25 12:03:32,2025-03-28 04:24:51,Documents,Medium
ST000504,CL0205,2025-03-25 12:24:52,2025-03-27 03:23:13,Documents,Medium
ST000505,CL0148,2025-03-25 12:32:50,2025-03-25 22:15:47,Payment issue,Medium
ST000506,CL0327,2025-03-25 14:52:00,2025-03-29 14:01:24,Payment issue,Low
ST000507,CL0312,2025-03-25 15:11:34,2025-03-26 00:04:54,Account,Critical
ST000508,CL0351,2025-03-25 21:03:35,2025-03-29 22:38:37,Documents,Low
ST000509,CL0455,2025-03-25 21:20:22,2025-03-27 17:32:46,Payment issue,Medium
ST000510,CL0457,2025-03-25 23:28:29,2025-03-28 05:47:27,Other,Medium
ST000511,CL0325,2025-03-26 00:56:52,2025-03-28 17:07:57,Account,Low
ST000512,CL0026,2025-03-26 04:54:17,2025-03-28 20:37:30,Documents,Medium
ST000513,CL0183,2025-03-26 09:32:09,2025-03-27 22:44:15,Other,Medium
ST000514,CL0240,2025-03-26 11:16:19,2025-03-26 19:15:20,Account,High
ST000515,CL0401,2025-03-26 11:39:17,2025-03-26 21:02:41,Payment issue,High
ST000516,CL0037,2025-03-26 13:10:31,2025-03-28 19:52:07,Documents,Low
ST000517,CL0208,2025-03-26 18:49:01,2025-03-30 15:31:02,Other,Low
ST000518,CL0380,2025-03-26 20:10:28,2025-03-31 02:26:24,Compliance,Low
ST000519,CL0026,2025-03-26 22:20:56,2025-03-28 03:53:41,Technical,Low
ST000520,CL0007,2025-03-26 23:11:25,2025-03-27 07:55:00,Technical,Critical
ST000521,CL0489,2025-03-27 01:32:08,2025-03-29 02:26:25,Payment issue,Low
ST000522,CL0250,2025-03-27 02:06:07,2025-03-30 16:54:20,Other,Low
ST000523,CL0443,2025-03-27 03:20:50,2025-03-28 04:54:09,Payment issue,High
ST000524,CL0351,2025-03-27 04:34:46,2025-03-29 03:06:19,Documents,Medium
ST000525,CL0169,2025-03-27 06:33:36,2025-03-28 20:24:17,Compliance,Medium
ST000526,CL0148,2025-03-27 07:08:24,2025-03-29 00:06:47,Payment issue,Low
ST000527,CL0455,2025-03-27 13:39:50,2025-03-27 18:49:39,Payment issue,Critical
ST000528,CL0019,2025-03-27 14:02:07,2025-03-27 17:14:31,Account,High
ST000529,CL0117,2025-03-27 14:34:31,2025-03-31 14:10:14,Payment issue,Low
ST000530,CL0186,2025-03-27 15:03:52,2025-03-30 10:48:50,Payment issue,Medium
ST000531,CL0080,2025-03-27 17:02:42,2025-03-28 14:04:28,Compliance,Medium
ST000532,CL0380,2025-03-27 17:08:43,2025-03-30 16:06:04,Payment issue,Medium
ST000533,CL0486,2025-03-27 18:23:19,2025-03-29 05:32:00,Technical,Low
ST000534,CL0484,2025-03-27 18:39:18,2025-03-28 01:16:51,Payment issue,High
ST000535,CL0147,2025-03-27 18:42:19,2025-03-30 12:02:06,Account,Medium
ST000536,CL0452,2025-03-27 19:13:14,2025-03-28 19:30:57,Compliance,High
ST000537,CL0139,2025-03-27 20:33:37,2025-03-29 06:37:30,Account,Medium
ST000538,CL0186,2025-03-27 21:39:12,2025-03-30 05:53:07,Other,Medium
ST000539,CL0455,2025-03-27 23:02:57,2025-03-29 09:24:38,Compliance,Medium
ST000540,CL0278,2025-03-28 00:37:19,2025-03-29 20:37:38,Documents,Medium
ST000541,CL0418,2025-03-28 01:02:10,2025-03-30 08:18:38,Documents,Medium
ST000542,CL0199,2025-03-28 01:31:49,2025-03-31 04:54:07,Payment issue,Low
ST000543,CL0275,2025-03-28 03:16:09,2025-03-28 23:21:15,Payment issue,High
ST000544,CL0373,2025-03-28 05:01:56,2025-03-28 12:15:26,Payment issue,High
ST000545,CL0415,2025-03-28 06:46:01,2025-03-29 14:40:31,Other,Medium
ST000546,CL0442,2025-03-28 06:53:53,2025-03-28 18:51:18,Payment issue,High
ST000547,CL0072,2025-03-28 09:27:10,2025-03-29 08:14:05,Payment issue,Medium
ST000548,CL0139,2025-03-28 09:41:04,2025-03-29 15:24:23,Documents,Medium
ST000549,CL0423,2025-03-28 13:27:49,2025-03-30 07:52:17,Payment issue,Medium
ST000550,CL0452,2025-03-28 13:52:06,2025-04-01 22:39:54,Technical,Low
ST000551,CL0415,2025-03-28 17:13:26,2025-03-29 04:01:13,Compliance,High
ST000552,CL0186,2025-03-28 18:18:58,2025-03-29 04:10:07,Technical,High
ST000553,CL0380,2025-03-28 21:01:38,2025-03-28 23:07:47,Payment issue,Critical
ST000554,CL0252,2025-03-28 21:45:22,2025-03-30 08:33:09,Compliance,Low
ST000555,CL0299,2025-03-29 00:55:34,2025-03-30 21:38:18,Technical,Medium
ST000556,CL0327,2025-03-29 01:15:30,2025-03-29 02:39:09,Technical,Critical
ST000557,CL0117,2025-03-29 03:43:14,2025-04-02 02:09:11,Technical,Low
ST000558,CL0202,2025-03-29 05:44:34,2025-04-01 11:09:21,Compliance,Low
ST000559,CL0139,2025-03-29 05:51:34,2025-04-02 03:31:48,Compliance,Low
ST000560,CL0109,2025-03-29 07:56:17,2025-04-02 12:34:12,Technical,Low
ST000561,CL0204,2025-03-29 08:12:28,2025-03-29 20:58:02,Technical,High
ST000562,CL0139,2025-03-29 11:04:03,2025-03-30 10:40:29,Payment issue,High
ST000563,CL0416,2025-03-29 11:07:18,2025-03-30 14:21:32,Technical,Low
ST000564,CL0398,2025-03-29 12:27:29,2025-04-02 10:24:36,Account,Low
ST000565,CL0007,2025-03-29 14:48:22,2025-03-29 19:23:28,Payment issue,Critical
ST000566,CL0420,2025-03-29 16:20:51,2025-03-30 18:13:56,Other,High
ST000567,CL0415,2025-03-29 17:15:00,2025-03-30 03:15:44,Payment issue,High
ST000568,CL0007,2025-03-29 18:08:17,2025-03-30 08:45:00,Account,High
ST000569,CL0420,2025-03-29 18:53:37,2025-03-30 11:33:51,Payment issue,High
ST000570,CL0139,2025-03-29 23:05:15,2025-03-31 11:19:20,Technical,Low
ST000571,CL0398,2025-03-30 01:29:26,2025-03-31 14:20:00,Compliance,Low
ST000572,CL0007,2025-03-30 02:22:26,2025-03-31 03:04:39,Compliance,High
ST000573,CL0186,2025-03-30 02:33:36,2025-04-01 11:44:44,Documents,Medium
ST000574,CL0299,2025-03-30 06:05:46,2025-03-31 16:07:51,Payment issue,Medium
ST000575,CL0240,2025-03-30 10:42:58,2025-04-02 09:20:38,Payment issue,Low
ST000576,CL0275,2025-03-30 11:18:01,2025-04-02 22:03:13,Account,Low
ST000577,CL0201,2025-03-30 11:46:13,2025-03-30 20:23:30,Payment issue,High
ST000578,CL0415,2025-03-30 12:03:39,2025-03-30 19:58:08,Payment issue,High
ST000579,CL0168,2025-03-30 13:16:00,2025-04-04 09:39:37,Payment issue,Low
ST000580,CL0128,2025-03-30 13:39:17,2025-03-31 13:00:54,Payment issue,Medium
ST000581,CL0475,2025-03-30 14:40:24,2025-03-31 07:08:14,Account,Medium
ST000582,CL0452,2025-03-30 15:28:24,2025-04-01 15:26:24,Technical,Low
ST000583,CL0007,2025-03-30 16:25:11,2025-04-02 19:50:56,Account,Low
ST000584,CL0302,2025-03-30 17:14:12,2025-03-30 23:17:46,Payment issue,High
ST000585,CL0007,2025-03-30 17:47:24,2025-03-31 06:39:06,Documents,High
ST000586,CL0169,2025-03-30 20:57:41,2025-03-31 18:14:22,Compliance,Medium
ST000587,CL0186,2025-03-30 22:35:38,2025-03-31 01:15:23,Payment issue,Critical
ST000588,CL0455,2025-03-31 00:07:16,2025-04-03 15:57:48,Other,Low
ST000589,CL0123,2025-03-31 03:22:17,2025-03-31 11:58:33,Payment issue,High
ST000590,CL0467,2025-03-31 03:39:01,2025-03-31 13:15:17,Payment issue,High
ST000591,CL0115,2025-03-31 06:00:02,2025-03-31 11:30:24,Documents,High
ST000592,CL0312,2025-03-31 11:50:52,2025-04-03 11:18:46,Payment issue,Medium
ST000593,CL0455,2025-03-31 11:55:47,2025-03-31 19:45:35,Documents,High
ST000594,CL0139,2025-03-31 11:57:42,2025-04-01 14:55:24,Account,Medium
ST000595,CL0452,2025-03-31 12:23:10,,Documents,Low
ST000596,CL0320,2025-03-31 14:55:32,2025-04-05 11:57:28,Payment issue,Low
ST000597,CL0449,2025-03-31 15:06:09,2025-04-03 21:18:23,Account,Low
ST000598,CL0208,2025-03-31 16:25:35,2025-04-02 06:12:26,Technical,Medium
ST000599,CL0115,2025-03-31 17:08:50,2025-04-03 05:27:17,Payment issue,Medium
ST000600,CL0183,2025-03-31 17:19:17,2025-04-04 12:15:45,Documents,Low
ST000601,CL0202,2025-03-31 17:25:04,2025-04-03 15:52:49,Payment issue,Low
ST000602,CL0204,2025-03-31 18:34:04,2025-04-03 16:03:06,Other,Low
ST000603,CL0327,2025-04-01 19:53:16,2025-04-03 06:19:41,Compliance,Medium
ST000604,CL0127,2025-04-01 21:17:52,2025-04-02 07:34:01,Payment issue,Medium
ST000605,CL0073,2025-04-02 05:02:19,,Payment issue,High
ST000606,CL0224,2025-04-02 14:56:06,2025-04-05 16:29:11,Compliance,Low
ST000607,CL0438,2025-04-02 19:48:20,2025-04-03 06:54:02,Technical,High
ST000608,CL0301,2025-04-03 03:25:23,2025-04-03 06:59:22,Compliance,Critical
ST000609,CL0438,2025-04-03 05:36:18,2025-04-04 02:35:29,Technical,Medium
ST000610,CL0301,2025-04-03 08:08:01,2025-04-04 05:10:21,Payment issue,Medium
ST000611,CL0127,2025-04-03 12:19:21,2025-04-06 18:35:37,Payment issue,Low
ST000612,CL0345,2025-04-03 14:35:30,2025-04-03 22:17:09,Technical,Critical
ST000613,CL0325,2025-04-03 16:59:44,2025-04-05 07:26:54,Payment issue,Medium
ST000614,CL0406,2025-04-03 18:02:59,2025-04-04 14:44:26,Payment issue,High
ST000615,CL0431,2025-04-04 07:00:56,2025-04-08 13:43:42,Documents,Low
ST000616,CL0105,2025-04-04 11:02:57,2025-04-09 00:47:25,Account,Low
ST000617,CL0050,2025-04-04 17:01:19,2025-04-07 00:11:16,Technical,Low
ST000618,CL0306,2025-04-04 20:34:34,2025-04-05 10:16:15,Other,Medium
ST000619,CL0385,2025-04-04 23:50:38,2025-04-07 08:11:36,Technical,Medium
ST000620,CL0032,2025-04-05 00:22:36,2025-04-07 20:32:54,Account,Medium
ST000621,CL0072,2025-04-05 00:34:45,2025-04-05 03:39:00,Payment issue,High
ST000622,CL0302,2025-04-05 01:16:17,2025-04-07 19:19:31,Payment issue,Low
ST000623,CL0478,2025-04-05 06:20:42,2025-04-07 14:04:05,Technical,Medium
ST000624,CL0072,2025-04-05 20:26:15,2025-04-05 23:43:06,Account,High
ST000625,CL0428,2025-04-06 02:20:52,2025-04-08 11:23:53,Technical,Medium
ST000626,CL0385,2025-04-06 04:12:12,2025-04-08 12:54:26,Technical,Low
ST000627,CL0226,2025-04-06 08:10:40,2025-04-07 18:59:41,Technical,Low
ST000628,CL0027,2025-04-06 09:48:29,2025-04-07 08:02:14,Technical,Medium
ST000629,CL0037,2025-04-06 13:04:07,2025-04-07 14:30:23,Compliance,High
ST000630,CL0368,2025-04-07 04:52:28,2025-04-11 12:32:46,Technical,Low
ST000631,CL0199,2025-04-07 06:35:52,2025-04-07 15:53:10,Payment issue,High
ST000632,CL0329,2025-04-07 12:56:52,2025-04-08 18:49:38,Payment issue,Low
ST000633,CL0478,2025-04-07 15:55:03,2025-04-11 13:03:56,Payment issue,Low
ST000634,CL0322,2025-04-07 18:54:13,,Compliance,Low
ST000635,CL0442,2025-04-07 21:21:26,2025-04-12 06:29:12,Compliance,Low
ST000636,CL0322,2025-04-08 06:27:57,2025-04-10 08:11:33,Compliance,Medium
ST000637,CL0327,2025-04-08 11:40:00,2025-04-10 15:30:33,Payment issue,Medium
ST000638,CL0442,2025-04-08 16:46:32,2025-04-09 05:03:16,Account,High
ST000639,CL0449,2025-04-09 00:51:26,2025-04-09 03:06:18,Payment issue,Critical
ST000640,CL0239,2025-04-10 03:31:44,2025-04-12 19:55:07,Compliance,Medium
ST000641,CL0037,2025-04-10 10:28:27,2025-04-12 01:26:48,Account,Low
ST000642,CL0205,2025-04-10 11:08:13,2025-04-11 05:14:20,Documents,High
ST000643,CL0400,2025-04-10 14:12:11,2025-04-10 22:53:34,Compliance,High
ST000644,CL0027,2025-04-11 04:19:07,2025-04-11 06:30:04,Account,Critical
ST000645,CL0032,2025-04-11 09:09:36,2025-04-12 17:42:34,Payment issue,Low
ST000646,CL0209,2025-04-11 14:11:33,2025-04-14 01:02:38,Documents,Low
ST000647,CL0199,2025-04-11 18:57:55,2025-04-14 14:01:15,Compliance,Low
ST000648,CL0312,2025-04-11 19:39:14,2025-04-14 11:56:44,Documents,Medium
ST000649,CL0327,2025-04-11 20:59:43,2025-04-12 12:02:14,Compliance,Medium
ST000650,CL0449,2025-04-12 02:29:05,2025-04-13 04:14:13,Account,High
ST000651,CL0018,2025-04-12 02:29:36,2025-04-12 10:08:59,Payment issue,High
ST000652,CL0302,2025-04-12 06:12:22,2025-04-13 14:57:11,Payment issue,Medium
ST000653,CL0168,2025-04-12 11:02:30,2025-04-12 17:33:53,Payment issue,High
ST000654,CL0343,2025-04-12 11:45:24,2025-04-13 22:54:50,Documents,Medium
ST000655,CL0226,2025-04-12 14:02:04,2025-04-13 05:51:07,Payment issue,High
ST000656,CL0325,2025-04-12 14:54:28,2025-04-13 19:07:34,Payment issue,Medium
ST000657,CL0226,2025-04-13 01:53:34,2025-04-17 15:34:33,Technical,Low
ST000658,CL0148,2025-04-13 12:48:39,2025-04-13 23:20:23,Account,High
ST000659,CL0205,2025-04-13 13:14:01,2025-04-14 02:56:09,Technical,High
ST000660,CL0500,2025-04-13 17:48:25,2025-04-13 23:45:24,Payment issue,Critical
ST000661,CL0201,2025-04-13 18:58:05,2025-04-18 02:36:58,Compliance,Low
ST000662,CL0312,2025-04-15 01:52:57,2025-04-16 22:40:58,Payment issue,Medium
ST000663,CL0299,2025-04-15 05:33:43,2025-04-16 03:47:50,Documents,Medium
ST000664,CL0278,2025-04-15 08:32:32,2025-04-19 02:25:40,Technical,Low
ST000665,CL0128,2025-04-15 18:55:05,2025-04-18 05:03:11,Account,Medium
ST000666,CL0349,2025-04-15 20:20:24,2025-04-18 07:28:29,Compliance,Low
ST000667,CL0301,2025-04-16 00:54:55,2025-04-16 02:15:44,Other,Critical
ST000668,CL0128,2025-04-16 04:36:19,2025-04-17 13:49:51,Technical,Medium
ST000669,CL0368,2025-04-16 08:17:29,2025-04-16 22:10:10,Other,High
ST000670,CL0421,2025-04-16 10:55:30,2025-04-16 17:33:33,Payment issue,High
ST000671,CL0068,2025-04-16 15:35:10,2025-04-16 22:19:43,Documents,High
ST000672,CL0278,2025-04-16 19:56:32,2025-04-19 07:37:49,Payment issue,Medium
ST000673,CL0442,2025-04-16 22:07:40,2025-04-17 02:34:03,Compliance,High
ST000674,CL0323,2025-04-16 22:41:24,2025-04-21 16:46:44,Compliance,Low
ST000675,CL0327,2025-04-17 03:50:52,2025-04-21 15:33:08,Compliance,Low
ST000676,CL0469,2025-04-17 05:17:18,2025-04-19 13:05:01,Payment issue,Low
ST000677,CL0005,2025-04-17 23:48:36,2025-04-19 19:53:13,Payment issue,Medium
ST000678,CL0421,2025-04-18 08:26:19,2025-04-19 20:36:15,Payment issue,Medium
ST000679,CL0416,2025-04-18 14:24:41,2025-04-20 07:22:40,Compliance,Medium
ST000680,CL0088,2025-04-18 16:50:06,2025-04-19 23:52:32,Payment issue,Medium
ST000681,CL0345,2025-04-18 17:29:56,2025-04-18 20:18:24,Payment issue,Critical
ST000682,CL0301,2025-04-18 17:41:02,2025-04-22 17:02:39,Compliance,Low
ST000683,CL0457,2025-04-18 21:05:15,2025-04-22 08:47:42,Documents,Low
ST000684,CL0500,2025-04-18 21:17:12,2025-04-21 04:37:19,Payment issue,Medium
ST000685,CL0084,2025-04-19 06:38:41,2025-04-20 23:56:30,Compliance,Medium
ST000686,CL0201,2025-04-19 09:12:09,2025-04-19 21:16:39,Technical,High
ST000687,CL0113,2025-04-19 14:37:57,2025-04-21 07:42:54,Payment issue,Medium
ST000688,CL0114,2025-04-19 15:06:37,2025-04-21 18:02:49,Payment issue,Low
ST000689,CL0201,2025-04-20 06:19:05,2025-04-23 10:51:31,Account,Low
ST000690,CL0349,2025-04-20 18:28:23,2025-04-23 05:04:49,Payment issue,Low
ST000691,CL0224,2025-04-21 04:31:53,2025-04-23 19:33:33,Payment issue,Low
ST000692,CL0113,2025-04-21 04:57:05,2025-04-23 14:46:10,Other,Medium
ST000693,CL0420,2025-04-21 05:32:37,2025-04-24 05:00:03,Documents,Medium
ST000694,CL0279,2025-04-21 15:55:34,2025-04-22 11:03:42,Other,High
ST000695,CL0300,2025-04-22 00:30:07,2025-04-24 05:40:23,Compliance,Medium
ST000696,CL0461,2025-04-22 04:26:13,2025-04-22 22:22:44,Compliance,High
ST000697,CL0293,2025-04-22 07:26:25,2025-04-22 18:27:10,Payment issue,High
ST000698,CL0311,2025-04-22 11:13:10,2025-04-24 07:27:58,Account,Medium
ST000699,CL0072,2025-04-23 02:44:39,2025-04-23 16:50:42,Account,Medium
ST000700,CL0201,2025-04-23 04:33:43,2025-04-25 03:39:46,Payment issue,Medium
ST000701,CL0201,2025-04-23 05:55:11,2025-04-25 09:47:30,Technical,Medium
ST000702,CL0072,2025-04-23 06:13:59,2025-04-26 07:12:39,Payment issue,Low
ST000703,CL0443,2025-04-23 07:55:48,2025-04-23 09:33:21,Technical,Critical
ST000704,CL0168,2025-04-23 15:52:00,2025-04-24 00:49:54,Technical,Medium
ST000705,CL0050,2025-04-23 17:02:27,2025-04-27 16:09:53,Account,Low
ST000706,CL0032,2025-04-23 18:34:04,2025-04-27 16:15:50,Account,Low
ST000707,CL0292,2025-04-23 22:54:35,2025-04-26 20:45:04,Technical,Low
ST000708,CL0281,2025-04-24 02:07:17,2025-04-24 21:09:41,Other,Medium
ST000709,CL0469,2025-04-24 08:41:00,2025-04-28 15:24:44,Payment issue,Low
ST000710,CL0113,2025-04-24 09:08:26,2025-04-24 14:39:53,Other,High
ST000711,CL0421,2025-04-24 12:36:06,2025-04-25 09:09:26,Compliance,Medium
ST000712,CL0123,2025-04-25 05:32:05,2025-04-27 15:48:03,Compliance,Medium
ST000713,CL0467,2025-04-25 10:14:04,2025-04-27 02:30:22,Account,Low
ST000714,CL0467,2025-04-25 10:43:29,2025-04-30 00:59:28,Other,Low
ST000715,CL0026,2025-04-25 13:26:11,2025-04-28 05:29:51,Account,Low
ST000716,CL0423,2025-04-25 16:34:09,2025-04-29 12:49:38,Documents,Low
ST000717,CL0186,2025-04-25 17:34:54,2025-04-26 14:34:50,Compliance,High
ST000718,CL0088,2025-04-25 19:12:36,2025-04-26 15:20:54,Documents,High
ST000719,CL0401,2025-04-25 20:33:17,2025-04-27 04:09:34,Payment issue,Medium
ST000720,CL0114,2025-04-25 21:56:46,2025-04-28 02:58:33,Compliance,Low
ST000721,CL0018,2025-04-25 22:21:05,2025-04-26 19:24:46,Payment issue,Medium
ST000722,CL0452,2025-04-26 00:59:46,2025-04-28 01:59:57,Payment issue,Low
ST000723,CL0396,2025-04-26 01:04:09,2025-04-30 01:07:14,Compliance,Low
ST000724,CL0104,2025-04-26 02:13:46,2025-04-26 19:56:11,Documents,High
ST000725,CL0368,2025-04-26 03:58:33,2025-04-27 17:28:49,Technical,Medium
ST000726,CL0127,2025-04-26 05:08:40,2025-04-29 21:41:43,Documents,Low
ST000727,CL0072,2025-04-26 06:58:43,2025-05-01 01:37:14,Other,Low
ST000728,CL0484,2025-04-26 07:32:33,2025-04-27 03:13:01,Payment issue,Medium
ST000729,CL0148,2025-04-26 10:01:05,2025-04-27 06:47:29,Documents,Medium
ST000730,CL0398,2025-04-26 12:39:37,2025-04-29 12:29:47,Other,Medium
ST000731,CL0139,2025-04-26 13:46:52,2025-04-27 04:59:17,Payment issue,Medium
ST000732,CL0026,2025-04-26 16:03:50,2025-04-28 20:00:28,Technical,Medium
ST000733,CL0186,2025-04-26 16:36:21,2025-04-28 20:03:52,Technical,Low
ST000734,CL0318,2025-04-26 18:23:29,2025-04-27 14:29:38,Compliance,High
ST000735,CL0024,2025-04-26 20:26:49,2025-04-28 18:39:52,Documents,Low
ST000736,CL0026,2025-04-26 21:04:23,2025-04-27 15:37:36,Payment issue,High
ST000737,CL0080,2025-04-26 21:06:13,2025-04-27 13:20:29,Documents,High
ST000738,CL0154,2025-04-26 22:33:32,2025-04-27 05:13:52,Documents,High
ST000739,CL0189,2025-04-27 02:53:03,2025-04-29 08:24:37,Payment issue,Medium
ST000740,CL0396,2025-04-27 03:24:50,2025-04-27 09:04:14,Account,Critical
ST000741,CL0186,2025-04-27 04:44:31,2025-04-27 23:08:28,Payment issue,Medium
ST000742,CL0380,2025-04-27 09:11:13,2025-04-30 12:14:50,Compliance,Low
ST000743,CL0373,2025-04-27 09:34:52,2025-04-27 22:51:31,Payment issue,High
ST000744,CL0139,2025-04-27 11:01:18,2025-04-28 07:26:30,Technical,High
ST000745,CL0078,2025-04-27 12:11:53,2025-04-27 20:31:46,Payment issue,High
ST000746,CL0204,2025-04-27 13:40:54,2025-04-29 05:10:56,Payment issue,Low
ST000747,CL0115,2025-04-27 14:37:48,2025-04-30 08:41:06,Other,Low
ST000748,CL0308,2025-04-27 16:45:15,2025-04-27 23:48:44,Technical,High
ST000749,CL0033,2025-04-27 20:37:45,2025-04-27 22:37:12,Payment issue,Critical
ST000750,CL0208,2025-04-27 23:55:06,2025-04-30 17:04:34,Compliance,Low
ST000751,CL0026,2025-04-28 02:29:26,2025-04-29 22:52:23,Payment issue,Low
ST000752,CL0308,2025-04-28 03:01:27,2025-04-28 05:14:30,Compliance,Critical
ST000753,CL0204,2025-04-28 04:22:42,2025-04-28 11:28:50,Payment issue,Critical
ST000754,CL0470,2025-04-28 05:59:24,2025-04-30 15:14:24,Payment issue,Low
ST000755,CL0418,2025-04-28 06:37:43,2025-04-29 04:16:14,Documents,Medium
ST000756,CL0208,2025-04-28 07:15:28,2025-05-02 17:37:14,Other,Low
ST000757,CL0396,2025-04-28 08:00:26,2025-04-30 06:50:52,Payment issue,Medium
ST000758,CL0442,2025-04-28 11:05:58,2025-04-28 17:06:56,Documents,Critical
ST000759,CL0461,2025-04-28 11:59:38,2025-05-01 09:49:46,Payment issue,Medium
ST000760,CL0486,2025-04-28 12:36:08,2025-04-29 08:44:11,Technical,Medium
ST000761,CL0139,2025-04-28 12:37:22,2025-04-28 22:44:16,Compliance,Medium
ST000762,CL0467,2025-04-28 13:43:58,2025-05-02 23:06:56,Other,Low
ST000763,CL0398,2025-04-28 14:12:21,2025-04-28 22:31:39,Compliance,Critical
ST000764,CL0184,2025-04-28 14:15:09,2025-04-29 03:17:07,Technical,Medium
ST000765,CL0024,2025-04-28 14:56:24,2025-04-28 18:11:58,Payment issue,High
ST000766,CL0186,2025-04-28 16:21:21,2025-05-01 04:36:23,Payment issue,Medium
ST000767,CL0438,2025-04-28 17:39:26,2025-05-01 12:49:50,Compliance,Low
ST000768,CL0452,2025-04-28 18:54:08,2025-05-01 01:23:35,Documents,Medium
ST000769,CL0455,2025-04-28 23:00:32,2025-04-29 18:46:11,Account,High
ST000770,CL0275,2025-04-29 03:43:06,2025-04-30 04:11:09,Payment issue,Medium
ST000771,CL0050,2025-04-29 04:32:57,2025-05-04 01:28:50,Technical,Low
ST000772,CL0247,2025-04-29 05:27:44,2025-05-03 01:25:48,Compliance,Low
ST000773,CL0467,2025-04-29 09:20:48,2025-05-01 20:02:15,Documents,Medium
ST000774,CL0026,2025-04-29 11:45:09,2025-04-30 03:55:12,Technical,High
ST000775,CL0442,2025-04-29 14:10:55,2025-04-30 06:02:26,Payment issue,Medium
ST000776,CL0452,2025-04-29 17:13:57,2025-05-01 03:20:17,Technical,Low
ST000777,CL0423,2025-04-29 20:41:37,2025-04-30 07:14:27,Compliance,Medium
ST000778,CL0201,2025-04-29 22:53:38,2025-05-01 09:37:50,Payment issue,Low
ST000779,CL0128,2025-04-29 22:56:25,2025-04-30 09:55:43,Documents,Medium
ST000780,CL0373,2025-04-29 23:10:18,2025-05-01 19:04:06,Account,Medium
ST000781,CL0380,2025-04-30 04:20:55,2025-05-01 02:22:31,Payment issue,High
ST000782,CL0452,2025-04-30 07:09:43,2025-05-01 01:10:01,Payment issue,Medium
ST000783,CL0080,2025-04-30 07:53:01,2025-05-02 07:25:44,Payment issue,Low
ST000784,CL0484,2025-04-30 07:53:04,2025-05-04 12:32:16,Other,Low
ST000785,CL0139,2025-04-30 10:45:16,2025-05-01 07:29:38,Payment issue,Medium
ST000786,CL0293,2025-04-30 13:22:55,,Payment issue,High
ST000787,CL0018,2025-04-30 17:04:10,2025-05-02 04:43:15,Other,Low
ST000788,CL0155,2025-04-30 19:47:41,2025-05-01 08:38:56,Payment issue,Medium
ST000789,CL0155,2025-04-30 20:26:54,2025-05-01 07:32:29,Documents,High
ST000790,CL0155,2025-04-30 21:16:03,2025-05-01 09:38:50,Other,Medium
ST000791,CL0155,2025-04-30 21:17:17,2025-05-04 04:38:08,Account,Low
ST000792,CL0455,2025-05-01 03:32:47,2025-05-01 12:37:51,Payment issue,High
ST000793,CL0484,2025-05-01 05:54:21,2025-05-02 04:50:45,Payment issue,High
ST000794,CL0026,2025-05-01 06:02:09,2025-05-01 13:03:23,Payment issue,High
ST000795,CL0443,2025-05-01 20:18:26,2025-05-05 13:49:28,Payment issue,Low
ST000796,CL0323,2025-05-02 05:21:49,2025-05-02 12:55:07,Payment issue,High
ST000797,CL0345,2025-05-02 11:31:28,2025-05-06 17:01:19,Payment issue,Low
ST000798,CL0501,2025-05-02 16:54:03,2025-05-04 09:32:44,Payment issue,Low
ST000799,CL0325,2025-05-03 01:15:58,2025-05-05 21:40:43,Payment issue,Medium
ST000800,CL0015,2025-05-03 01:52:30,2025-05-03 23:05:04,Payment issue,High
ST000801,CL0299,2025-05-03 03:13:06,2025-05-03 16:07:20,Technical,High
ST000802,CL0153,2025-05-03 06:37:43,2025-05-03 18:35:53,Compliance,High
ST000803,CL0205,2025-05-03 11:08:53,2025-05-04 06:14:27,Payment issue,High
ST000804,CL0226,2025-05-03 12:17:53,2025-05-05 22:07:45,Documents,Medium
ST000805,CL0345,2025-05-03 14:13:27,2025-05-03 22:17:27,Payment issue,High
ST000806,CL0250,2025-05-04 04:09:21,2025-05-05 20:15:44,Other,Low
ST000807,CL0073,2025-05-04 08:39:19,2025-05-06 09:27:53,Account,Medium
ST000808,CL0109,2025-05-04 18:16:32,2025-05-07 00:44:34,Technical,Medium
ST000809,CL0345,2025-05-05 07:19:58,2025-05-07 14:06:17,Payment issue,Medium
ST000810,CL0322,2025-05-05 12:09:43,2025-05-07 20:57:25,Compliance,Low
ST000811,CL0209,2025-05-05 19:08:38,2025-05-09 12:28:07,Compliance,Low
ST000812,CL0143,2025-05-06 06:41:39,2025-05-06 21:47:18,Payment issue,Medium
ST000813,CL0478,2025-05-06 06:44:59,2025-05-06 11:07:52,Payment issue,Critical
ST000814,CL0329,2025-05-06 12:13:31,2025-05-08 06:23:10,Technical,Medium
ST000815,CL0257,2025-05-06 15:06:24,2025-05-09 13:44:33,Compliance,Medium
ST000816,CL0105,2025-05-06 15:58:40,2025-05-07 13:53:52,Account,Medium
ST000817,CL0250,2025-05-06 18:46:57,2025-05-07 03:59:01,Payment issue,Medium
ST000818,CL0306,2025-05-06 20:35:10,2025-05-08 01:13:37,Payment issue,Low
ST000819,CL0335,2025-05-07 15:19:18,2025-05-09 22:07:43,Compliance,Low
ST000820,CL0095,2025-05-08 04:21:24,2025-05-10 05:30:59,Payment issue,Low
ST000821,CL0416,2025-05-08 11:30:57,2025-05-11 20:42:30,Technical,Low
ST000822,CL0322,2025-05-08 11:38:08,2025-05-09 05:28:35,Account,Medium
ST000823,CL0269,2025-05-09 05:28:19,2025-05-10 18:26:47,Other,Medium
ST000824,CL0073,2025-05-09 08:25:13,2025-05-10 09:14:14,Payment issue,High
ST000825,CL0478,2025-05-09 16:41:28,2025-05-11 14:06:27,Payment issue,Medium
ST000826,CL0361,2025-05-09 16:48:54,2025-05-12 05:53:22,Technical,Low
ST000827,CL0128,2025-05-09 23:39:22,2025-05-10 09:59:17,Payment issue,High
ST000828,CL0209,2025-05-10 11:40:44,2025-05-13 18:46:33,Payment issue,Low
ST000829,CL0128,2025-05-10 12:28:34,2025-05-12 16:00:51,Documents,Medium
ST000830,CL0015,2025-05-11 01:32:35,2025-05-13 19:30:46,Compliance,Medium
ST000831,CL0450,2025-05-11 18:39:44,2025-05-13 20:54:31,Documents,Medium
ST000832,CL0168,2025-05-11 21:43:36,2025-05-15 15:15:49,Account,Low
ST000833,CL0113,2025-05-11 23:41:47,2025-05-14 07:38:39,Compliance,Medium
ST000834,CL0368,2025-05-12 00:45:36,2025-05-14 10:45:20,Technical,Low
ST000835,CL0152,2025-05-12 03:20:03,2025-05-12 06:48:45,Payment issue,High
ST000836,CL0068,2025-05-12 21:28:47,2025-05-17 21:17:59,Account,Low
ST000837,CL0032,2025-05-13 05:06:33,2025-05-13 06:41:01,Payment issue,Critical
ST000838,CL0068,2025-05-13 06:52:30,2025-05-15 12:13:35,Compliance,Low
ST000839,CL0217,2025-05-13 09:51:00,2025-05-16 07:51:44,Technical,Medium
ST000840,CL0449,2025-05-13 16:09:47,2025-05-13 23:40:05,Payment issue,Critical
ST000841,CL0152,2025-05-13 19:53:57,2025-05-14 22:13:52,Payment issue,Low
ST000842,CL0192,2025-05-14 00:10:26,2025-05-14 15:16:57,Payment issue,High
ST000843,CL0143,2025-05-14 01:55:43,2025-05-15 23:34:51,Account,Medium
ST000844,CL0338,2025-05-14 03:41:11,2025-05-16 10:44:05,Payment issue,Medium
ST000845,CL0217,2025-05-14 14:53:22,2025-05-15 09:04:36,Account,High
ST000846,CL0229,2025-05-14 19:43:30,2025-05-17 02:45:37,Other,Medium
ST000847,CL0257,2025-05-14 23:40:49,2025-05-16 15:17:38,Compliance,Medium
ST000848,CL0032,2025-05-15 10:00:42,2025-05-17 22:08:13,Payment issue,Low
ST000849,CL0425,2025-05-15 21:27:38,2025-05-16 20:10:32,Compliance,High
ST000850,CL0073,2025-05-16 06:16:34,2025-05-16 11:35:00,Documents,High
ST000851,CL0189,2025-05-16 10:44:08,2025-05-20 02:20:16,Documents,Low
ST000852,CL0258,2025-05-16 19:17:49,2025-05-19 16:12:00,Payment issue,Low
ST000853,CL0301,2025-05-16 19:36:09,2025-05-18 01:16:26,Technical,Low
ST000854,CL0174,2025-05-17 07:23:01,2025-05-17 12:53:15,Payment issue,Critical
ST000855,CL0099,2025-05-17 09:23:57,2025-05-20 12:59:39,Other,Low
ST000856,CL0478,2025-05-17 11:24:50,2025-05-18 01:43:46,Compliance,High
ST000857,CL0368,2025-05-17 12:38:19,2025-05-19 05:03:29,Account,Medium
ST000858,CL0209,2025-05-17 14:17:37,2025-05-19 19:16:10,Account,Low
ST000859,CL0443,2025-05-17 15:33:10,2025-05-17 19:16:52,Compliance,High
ST000860,CL0257,2025-05-18 05:55:49,2025-05-20 07:42:37,Compliance,Medium
ST000861,CL0113,2025-05-18 14:07:59,2025-05-20 11:13:34,Technical,Low
ST000862,CL0425,2025-05-18 14:59:27,2025-05-19 11:09:42,Payment issue,High
ST000863,CL0301,2025-05-18 18:07:34,2025-05-19 01:24:40,Payment issue,Critical
ST000864,CL0168,2025-05-18 22:04:15,2025-05-19 22:18:32,Payment issue,High
ST000865,CL0379,2025-05-19 02:34:04,2025-05-22 05:15:50,Technical,Low
ST000866,CL0285,2025-05-19 15:48:55,2025-05-20 14:26:14,Payment issue,High
ST000867,CL0299,2025-05-20 05:05:31,2025-05-22 01:28:08,Documents,Low
ST000868,CL0396,2025-05-20 06:27:09,2025-05-22 09:39:20,Compliance,Medium
ST000869,CL0247,2025-05-20 21:03:18,2025-05-20 22:20:59,Documents,Critical
ST000870,CL0438,2025-05-20 21:21:04,2025-05-25 09:39:16,Documents,Low
ST000871,CL0143,2025-05-21 17:15:44,2025-05-23 21:31:54,Other,Low
ST000872,CL0154,2025-05-21 23:00:26,2025-05-24 00:12:18,Documents,Medium
ST000873,CL0201,2025-05-22 02:18:40,2025-05-22 05:14:46,Compliance,Critical
ST000874,CL0416,2025-05-22 15:13:16,2025-05-26 10:41:55,Account,Low
ST000875,CL0323,2025-05-22 21:58:37,2025-05-27 09:44:32,Documents,Low
ST000876,CL0193,2025-05-22 23:34:50,2025-05-25 10:43:14,Documents,Low
ST000877,CL0347,2025-05-23 01:13:13,2025-05-24 23:14:45,Payment issue,Medium
ST000878,CL0438,2025-05-23 04:18:30,2025-05-25 16:09:39,Account,Medium
ST000879,CL0373,2025-05-23 10:01:09,2025-05-23 19:32:11,Payment issue,High
ST000880,CL0024,2025-05-23 14:14:41,2025-05-24 01:10:56,Payment issue,Medium
ST000881,CL0505,2025-05-23 16:30:49,2025-05-26 15:13:46,Payment issue,Medium
ST000882,CL0245,2025-05-24 04:06:16,2025-05-27 02:49:03,Payment issue,Medium
ST000883,CL0459,2025-05-24 06:08:05,2025-05-26 03:29:46,Payment issue,Low
ST000884,CL0250,2025-05-24 11:07:18,2025-05-28 04:52:53,Technical,Low
ST000885,CL0275,2025-05-24 14:47:56,2025-05-26 09:11:43,Documents,Medium
ST000886,CL0252,2025-05-24 21:18:09,2025-05-27 20:29:04,Technical,Low
ST000887,CL0380,2025-05-24 21:30:01,2025-05-27 20:09:20,Other,Medium
ST000888,CL0122,2025-05-25 00:48:07,2025-05-25 01:50:52,Compliance,Critical
ST000889,CL0024,2025-05-25 01:38:14,2025-05-26 05:27:30,Documents,Low
ST000890,CL0345,2025-05-25 06:37:48,2025-05-25 07:49:00,Compliance,Critical
ST000891,CL0293,2025-05-25 09:57:25,2025-05-26 09:34:02,Payment issue,High
ST000892,CL0373,2025-05-25 11:09:48,2025-05-27 06:56:37,Compliance,Medium
ST000893,CL0475,2025-05-25 11:38:33,2025-05-25 23:08:50,Other,Medium
ST000894,CL0148,2025-05-25 16:40:26,2025-05-28 12:55:14,Documents,Medium
ST000895,CL0311,2025-05-25 19:03:59,2025-05-28 18:35:14,Account,Low
ST000896,CL0258,2025-05-25 21:40:12,2025-05-28 02:27:09,Compliance,Medium
ST000897,CL0459,2025-05-25 23:14:10,2025-05-28 20:31:43,Payment issue,Medium
ST000898,CL0032,2025-05-26 00:40:25,2025-05-26 14:49:39,Account,High
ST000899,CL0285,2025-05-26 03:56:54,2025-05-26 10:34:09,Account,High
ST000900,CL0455,2025-05-26 05:10:11,2025-05-26 13:47:35,Payment issue,Medium
ST000901,CL0455,2025-05-26 09:30:30,2025-05-27 21:00:11,Compliance,Medium
ST000902,CL0492,2025-05-26 11:43:32,2025-05-28 07:32:28,Payment issue,Low
ST000903,CL0208,2025-05-26 12:07:07,2025-05-26 20:54:02,Account,High
ST000904,CL0345,2025-05-26 15:05:02,2025-05-29 02:25:47,Compliance,Low
ST000905,CL0240,2025-05-26 15:32:48,2025-05-27 06:15:24,Technical,High
ST000906,CL0275,2025-05-26 20:18:15,2025-05-30 07:59:29,Documents,Low
ST000907,CL0443,2025-05-26 20:51:05,2025-05-27 15:51:02,Technical,High
ST000908,CL0186,2025-05-26 20:55:53,2025-05-27 01:18:59,Payment issue,High
ST000909,CL0208,2025-05-27 00:16:15,2025-05-31 21:07:36,Account,Low
ST000910,CL0240,2025-05-27 00:30:15,2025-05-27 05:22:22,Compliance,High
ST000911,CL0240,2025-05-27 01:12:41,,Documents,Low
ST000912,CL0217,2025-05-27 04:14:02,2025-05-27 22:06:47,Compliance,Medium
ST000913,CL0398,2025-05-27 05:15:34,2025-05-27 19:38:14,Documents,Medium
ST000914,CL0293,2025-05-27 09:24:01,2025-05-27 14:12:34,Payment issue,Critical
ST000915,CL0060,2025-05-27 21:27:39,2025-06-01 12:59:07,Other,Low
ST000916,CL0186,2025-05-27 23:50:34,2025-05-29 01:38:51,Payment issue,High
ST000917,CL0026,2025-05-28 02:07:09,2025-05-28 12:29:47,Documents,Medium
ST000918,CL0285,2025-05-28 02:36:43,2025-06-01 02:46:01,Technical,Low
ST000919,CL0155,2025-05-28 04:05:51,2025-05-29 10:23:43,Payment issue,Medium
ST000920,CL0205,2025-05-28 05:38:48,2025-05-31 12:43:33,Technical,Low
ST000921,CL0378,2025-05-28 06:54:57,2025-05-28 17:59:25,Payment issue,Medium
ST000922,CL0293,2025-05-28 13:31:47,2025-05-29 13:15:48,Compliance,High
ST000923,CL0378,2025-05-28 15:38:42,2025-05-31 03:17:52,Documents,Medium
ST000924,CL0252,2025-05-28 16:28:16,2025-05-28 18:54:08,Payment issue,High
ST000925,CL0186,2025-05-28 20:27:48,2025-06-01 05:21:25,Payment issue,Low
ST000926,CL0379,2025-05-28 23:07:41,2025-06-02 16:56:16,Account,Low
ST000927,CL0250,2025-05-29 10:04:54,2025-05-31 19:33:54,Payment issue,Medium
ST000928,CL0014,2025-05-29 13:46:12,2025-06-02 17:39:11,Documents,Low
ST000929,CL0455,2025-05-29 13:50:39,2025-05-29 19:00:43,Other,Critical
ST000930,CL0162,2025-05-29 14:08:22,2025-05-31 13:04:29,Payment issue,Medium
ST000931,CL0105,2025-05-29 14:48:12,2025-05-31 10:10:27,Compliance,Medium
ST000932,CL0026,2025-05-29 16:54:57,2025-05-30 18:51:57,Payment issue,High
ST000933,CL0299,2025-05-29 18:07:51,2025-06-01 09:42:04,Technical,Medium
ST000934,CL0345,2025-05-29 18:38:19,2025-05-31 18:08:32,Technical,Medium
ST000935,CL0347,2025-05-29 19:21:56,2025-06-02 03:39:58,Other,Low
ST000936,CL0117,2025-05-29 21:24:41,2025-05-31 10:51:02,Payment issue,Low
ST000937,CL0155,2025-05-29 22:53:34,2025-05-31 22:21:24,Documents,Medium
ST000938,CL0338,2025-05-30 02:01:14,2025-05-31 14:40:50,Technical,Low
ST000939,CL0244,2025-05-30 02:45:58,2025-06-01 07:49:34,Documents,Medium
ST000940,CL0486,2025-05-30 05:43:27,2025-06-02 09:48:02,Payment issue,Low
ST000941,CL0478,2025-05-30 11:32:12,2025-05-30 23:06:10,Technical,High
ST000942,CL0186,2025-05-30 12:38:05,2025-06-04 11:35:43,Documents,Low
ST000943,CL0353,2025-05-30 14:23:50,2025-06-01 06:27:45,Payment issue,Medium
ST000944,CL0186,2025-05-30 15:56:44,2025-06-02 07:23:05,Account,Medium
ST000945,CL0452,2025-05-30 16:41:44,2025-06-01 05:36:46,Payment issue,Medium
ST000946,CL0155,2025-05-30 18:48:39,2025-06-03 07:47:36,Compliance,Low
ST000947,CL0024,2025-05-30 19:16:19,2025-05-31 18:36:04,Payment issue,High
ST000948,CL0452,2025-05-30 23:27:20,2025-06-02 10:41:26,Compliance,Medium
ST000949,CL0338,2025-05-30 23:39:35,2025-05-31 07:45:18,Payment issue,High
ST000950,CL0155,2025-05-31 00:42:47,2025-06-03 20:09:58,Documents,Low
ST000951,CL0489,2025-05-31 02:48:43,2025-06-01 12:28:34,Other,Low
ST000952,CL0239,2025-05-31 03:20:44,2025-06-02 13:32:35,Documents,Medium
ST000953,CL0240,2025-05-31 04:47:47,2025-06-04 13:03:48,Account,Low
ST000954,CL0247,2025-05-31 05:14:08,2025-06-02 18:57:13,Payment issue,Medium
ST000955,CL0364,2025-05-31 06:19:05,2025-05-31 15:46:57,Payment issue,High
ST000956,CL0353,2025-05-31 08:08:42,2025-06-04 10:09:45,Payment issue,Low
ST000957,CL0115,2025-05-31 14:00:12,2025-06-01 18:05:24,Account,Low
ST000958,CL0241,2025-05-31 15:49:54,2025-06-01 11:14:20,Other,Medium
ST000959,CL0243,2025-05-31 15:58:53,2025-06-03 15:38:49,Compliance,Medium
ST000960,CL0087,2025-05-31 16:28:18,2025-06-01 02:49:36,Other,High
ST000961,CL0396,2025-05-31 17:19:25,,Documents,High
ST000962,CL0186,2025-05-31 17:24:36,2025-06-01 15:53:06,Account,Medium
ST000963,CL0347,2025-05-31 17:25:57,2025-06-04 01:59:57,Payment issue,Low
ST000964,CL0332,2025-05-31 17:43:27,2025-06-03 03:59:27,Documents,Medium
ST000965,CL0123,2025-05-31 19:54:15,2025-06-01 13:27:06,Account,Medium
ST000966,CL0154,2025-06-01 14:20:45,2025-06-03 21:16:55,Compliance,Medium
ST000967,CL0332,2025-06-01 19:02:01,2025-06-01 22:03:20,Payment issue,High
ST000968,CL0042,2025-06-01 23:24:21,2025-06-03 16:08:44,Compliance,Medium
ST000969,CL0153,2025-06-02 18:25:48,2025-06-07 09:10:15,Payment issue,Low
ST000970,CL0258,2025-06-02 18:35:53,2025-06-03 11:15:34,Compliance,High
ST000971,CL0109,2025-06-03 06:33:43,2025-06-05 11:25:16,Other,Low
ST000972,CL0105,2025-06-03 09:53:27,2025-06-08 04:36:23,Technical,Low
ST000973,CL0193,2025-06-03 13:10:31,2025-06-05 16:23:47,Payment issue,Medium
ST000974,CL0027,2025-06-03 18:48:35,2025-06-05 15:05:21,Payment issue,Medium
ST000975,CL0148,2025-06-03 19:39:58,2025-06-06 02:22:25,Payment issue,Medium
ST000976,CL0153,2025-06-04 02:15:59,2025-06-05 18:25:16,Payment issue,Medium
ST000977,CL0345,2025-06-04 05:31:32,2025-06-05 00:18:55,Payment issue,Medium
ST000978,CL0459,2025-06-04 07:59:23,2025-06-05 19:12:27,Technical,Medium
ST000979,CL0258,2025-06-04 09:00:24,2025-06-05 07:40:59,Payment issue,High
ST000980,CL0293,2025-06-04 17:04:45,2025-06-05 06:25:04,Payment issue,High
ST000981,CL0209,2025-06-04 22:06:52,2025-06-05 11:11:50,Compliance,Medium
ST000982,CL0244,2025-06-05 08:17:43,2025-06-07 02:50:53,Payment issue,Medium
ST000983,CL0457,2025-06-05 15:05:20,2025-06-06 08:08:04,Payment issue,High
ST000984,CL0193,2025-06-06 04:34:57,2025-06-08 17:11:49,Payment issue,Medium
ST000985,CL0410,2025-06-06 16:00:25,2025-06-07 05:24:30,Technical,Medium
ST000986,CL0311,2025-06-06 17:01:51,2025-06-08 08:35:15,Technical,Low
ST000987,CL0489,2025-06-08 01:13:07,2025-06-08 03:05:28,Compliance,Critical
ST000988,CL0370,2025-06-08 12:00:28,2025-06-09 05:25:12,Compliance,Medium
ST000989,CL0489,2025-06-08 13:42:41,2025-06-09 11:44:45,Payment issue,Medium
ST000990,CL0338,2025-06-08 17:09:49,2025-06-09 18:30:01,Account,High
ST000991,CL0209,2025-06-08 17:36:01,2025-06-11 09:35:32,Other,Medium
ST000992,CL0368,2025-06-08 18:26:50,2025-06-11 04:11:24,Payment issue,Medium
ST000993,CL0153,2025-06-08 19:24:38,2025-06-10 19:54:30,Technical,Low
ST000994,CL0201,2025-06-09 00:04:13,2025-06-09 08:41:25,Compliance,High
ST000995,CL0293,2025-06-09 04:46:15,2025-06-09 21:29:22,Technical,Medium
ST000996,CL0368,2025-06-09 04:49:55,2025-06-10 08:00:40,Payment issue,Medium
ST000997,CL0105,2025-06-09 18:20:11,2025-06-10 18:20:42,Compliance,Medium
ST000998,CL0411,2025-06-09 21:44:50,2025-06-10 20:49:54,Compliance,High
ST000999,CL0300,2025-06-10 08:00:40,2025-06-11 09:43:59,Technical,Low
ST001000,CL0217,2025-06-10 09:23:10,2025-06-10 14:20:54,Compliance,High
ST001001,CL0189,2025-06-10 21:16:53,2025-06-15 04:28:07,Payment issue,Low
ST001002,CL0112,2025-06-10 21:38:45,2025-06-13 01:31:12,Payment issue,Medium
ST001003,CL0158,2025-06-11 00:28:10,2025-06-11 22:18:30,Technical,High
ST001004,CL0472,2025-06-11 01:19:39,2025-06-14 09:11:15,Documents,Low
ST001005,CL0368,2025-06-11 11:37:38,2025-06-13 10:15:55,Payment issue,Medium
ST001006,CL0224,2025-06-11 23:18:13,2025-06-13 16:43:08,Payment issue,Low
ST001007,CL0343,2025-06-12 06:04:07,2025-06-14 00:16:24,Compliance,Low
ST001008,CL0396,2025-06-12 11:28:22,2025-06-13 18:38:05,Technical,Medium
ST001009,CL0278,2025-06-12 15:08:19,2025-06-12 21:00:41,Account,High
ST001010,CL0292,2025-06-12 17:39:04,2025-06-12 20:21:56,Other,Critical
ST001011,CL0323,2025-06-13 00:47:04,2025-06-14 03:23:20,Payment issue,Low
ST001012,CL0361,2025-06-13 09:33:13,2025-06-13 11:52:14,Technical,High
ST001013,CL0153,2025-06-13 13:17:52,2025-06-15 19:45:46,Payment issue,Low
ST001014,CL0229,2025-06-13 14:06:03,2025-06-16 11:00:57,Compliance,Low
ST001015,CL0112,2025-06-13 20:56:35,2025-06-16 21:16:50,Compliance,Low
ST001016,CL0416,2025-06-14 02:46:37,2025-06-17 00:26:34,Documents,Medium
ST001017,CL0189,2025-06-14 04:22:40,2025-06-15 20:50:03,Technical,Medium
ST001018,CL0050,2025-06-14 10:06:39,2025-06-16 05:38:19,Compliance,Low
ST001019,CL0343,2025-06-14 22:37:28,2025-06-17 06:04:13,Payment issue,Medium
ST001020,CL0105,2025-06-14 23:57:07,2025-06-17 19:37:52,Payment issue,Low
ST001021,CL0068,2025-06-15 09:22:33,2025-06-18 05:48:46,Other,Medium
ST001022,CL0224,2025-06-15 15:36:28,2025-06-18 01:22:02,Technical,Low
ST001023,CL0464,2025-06-16 04:01:03,2025-06-17 19:03:57,Other,Low
ST001024,CL0329,2025-06-16 10:26:21,2025-06-19 10:04:33,Documents,Medium
ST001025,CL0345,2025-06-16 12:10:05,2025-06-18 12:32:24,Account,Medium
ST001026,CL0345,2025-06-16 15:42:11,2025-06-17 01:05:26,Documents,High
ST001027,CL0279,2025-06-16 20:27:14,2025-06-18 02:18:55,Payment issue,Low
ST001028,CL0105,2025-06-16 22:24:08,2025-06-18 08:34:06,Payment issue,Medium
ST001029,CL0105,2025-06-17 04:58:04,2025-06-18 14:39:21,Payment issue,Medium
ST001030,CL0347,2025-06-17 12:09:13,2025-06-21 04:47:07,Compliance,Low
ST001031,CL0303,2025-06-17 15:42:25,2025-06-17 23:54:38,Payment issue,High
ST001032,CL0338,2025-06-17 22:25:41,2025-06-19 16:57:08,Payment issue,Medium
ST001033,CL0432,2025-06-17 23:10:21,2025-06-18 04:57:11,Payment issue,Critical
ST001034,CL0285,2025-06-17 23:22:35,2025-06-18 22:02:10,Payment issue,High
ST001035,CL0489,2025-06-18 00:43:04,2025-06-18 19:35:46,Payment issue,High
ST001036,CL0226,2025-06-18 03:04:42,2025-06-19 01:20:19,Payment issue,Medium
ST001037,CL0073,2025-06-18 04:36:24,2025-06-22 14:23:32,Account,Low
ST001038,CL0056,2025-06-18 10:34:32,2025-06-19 12:07:32,Account,High
ST001039,CL0244,2025-06-18 13:19:24,2025-06-20 21:10:42,Technical,Low
ST001040,CL0410,2025-06-18 18:01:28,2025-06-22 21:31:40,Documents,Low
ST001041,CL0396,2025-06-19 08:11:02,2025-06-20 04:53:21,Payment issue,High
ST001042,CL0154,2025-06-19 10:55:08,2025-06-21 13:37:24,Payment issue,Medium
ST001043,CL0125,2025-06-19 17:11:48,2025-06-23 10:42:12,Technical,Low
ST001044,CL0209,2025-06-19 22:05:25,2025-06-22 17:13:55,Documents,Low
ST001045,CL0050,2025-06-20 01:42:40,2025-06-22 22:40:03,Payment issue,Medium
ST001046,CL0229,2025-06-20 02:40:25,2025-06-22 13:48:08,Payment issue,Medium
ST001047,CL0015,2025-06-20 08:05:20,2025-06-24 03:53:52,Technical,Low
ST001048,CL0416,2025-06-20 08:38:21,2025-06-21 20:13:12,Account,Medium
ST001049,CL0303,2025-06-20 09:29:05,2025-06-20 10:51:28,Payment issue,Critical
ST001050,CL0073,2025-06-20 13:13:30,2025-06-21 12:55:27,Account,Medium
ST001051,CL0332,2025-06-20 15:02:19,2025-06-24 03:27:32,Other,Low
ST001052,CL0269,2025-06-20 15:56:22,2025-06-21 22:32:12,Account,Medium
ST001053,CL0158,2025-06-20 21:12:54,2025-06-23 08:22:37,Payment issue,Medium
ST001054,CL0347,2025-06-20 21:15:19,2025-06-22 00:17:13,Account,Medium
ST001055,CL0154,2025-06-21 00:21:59,2025-06-22 04:09:09,Documents,Low
ST001056,CL0353,2025-06-21 07:33:51,2025-06-22 13:45:18,Payment issue,Medium
ST001057,CL0343,2025-06-21 09:49:48,2025-06-22 01:50:57,Other,Medium
ST001058,CL0154,2025-06-21 19:22:47,2025-06-22 00:22:11,Account,High
ST001059,CL0396,2025-06-21 21:15:14,2025-06-22 20:20:34,Payment issue,Medium
ST001060,CL0209,2025-06-22 03:49:11,2025-06-22 09:06:34,Account,Critical
ST001061,CL0209,2025-06-22 05:58:02,2025-06-22 19:22:19,Other,High
ST001062,CL0168,2025-06-22 06:53:24,2025-06-24 16:51:35,Payment issue,Medium
ST001063,CL0461,2025-06-22 19:41:49,2025-06-23 16:44:28,Documents,Medium
ST001064,CL0050,2025-06-23 00:13:50,2025-06-24 21:25:17,Payment issue,Medium
ST001065,CL0279,2025-06-23 05:16:51,2025-06-26 20:56:33,Technical,Low
ST001066,CL0112,2025-06-23 07:07:49,2025-06-25 19:07:35,Account,Low
ST001067,CL0353,2025-06-23 12:44:32,2025-06-24 17:14:55,Payment issue,Low
ST001068,CL0224,2025-06-23 14:56:02,2025-06-26 11:58:41,Payment issue,Low
ST001069,CL0175,2025-06-23 18:42:02,2025-06-25 19:59:44,Other,Low
ST001070,CL0410,2025-06-23 21:18:09,2025-06-28 17:08:07,Other,Low
ST001071,CL0128,2025-06-24 02:19:55,2025-06-24 07:17:44,Other,High
ST001072,CL0258,2025-06-24 08:44:53,2025-06-25 21:19:42,Payment issue,Medium
ST001073,CL0175,2025-06-24 12:37:11,2025-06-24 17:08:58,Payment issue,High
ST001074,CL0435,2025-06-24 16:08:44,2025-06-27 13:10:33,Technical,Medium
ST001075,CL0416,2025-06-24 21:58:59,2025-06-27 17:43:46,Other,Medium
ST001076,CL0478,2025-06-25 01:37:07,,Payment issue,Medium
ST001077,CL0449,2025-06-25 07:59:58,2025-06-26 20:05:20,Account,Medium
ST001078,CL0435,2025-06-25 16:44:15,2025-06-26 04:36:57,Compliance,Medium
ST001079,CL0347,2025-06-25 21:08:06,2025-06-26 16:27:06,Technical,Medium
ST001080,CL0175,2025-06-25 21:50:03,2025-06-27 04:42:55,Payment issue,Low
ST001081,CL0423,2025-06-26 01:52:47,2025-06-26 10:39:21,Payment issue,Medium
ST001082,CL0117,2025-06-26 04:50:32,2025-06-27 05:59:38,Payment issue,High
ST001083,CL0015,2025-06-26 08:01:52,2025-06-30 10:18:35,Account,Low
ST001084,CL0117,2025-06-26 14:11:14,2025-06-27 14:53:57,Technical,High
ST001085,CL0202,2025-06-26 20:04:03,2025-06-26 22:14:29,Technical,High
ST001086,CL0326,2025-06-26 20:30:14,2025-07-01 19:49:55,Documents,Low
ST001087,CL0192,2025-06-26 22:37:15,2025-07-01 13:48:33,Technical,Low
ST001088,CL0492,2025-06-27 00:41:00,2025-06-30 11:00:46,Payment issue,Low
ST001089,CL0082,2025-06-27 01:23:30,2025-06-29 09:58:01,Documents,Low
ST001090,CL0008,2025-06-27 01:46:02,2025-07-01 12:49:43,Account,Low
ST001091,CL0208,2025-06-27 06:50:34,2025-06-28 13:47:04,Technical,Medium
ST001092,CL0128,2025-06-27 09:22:12,2025-06-28 14:14:13,Account,Medium
ST001093,CL0245,2025-06-27 10:05:33,2025-06-29 23:57:35,Payment issue,Medium
ST001094,CL0423,2025-06-27 11:56:34,2025-06-27 17:25:18,Other,High
ST001095,CL0062,2025-06-27 12:12:14,2025-07-01 10:13:11,Compliance,Low
ST001096,CL0241,2025-06-27 13:07:43,2025-06-29 20:19:14,Account,Medium
ST001097,CL0364,2025-06-27 13:25:42,2025-06-30 08:53:27,Payment issue,Medium
ST001098,CL0026,2025-06-27 15:21:21,2025-07-01 09:41:33,Documents,Low
ST001099,CL0169,2025-06-27 17:13:19,2025-06-28 12:37:32,Documents,Medium
ST001100,CL0224,2025-06-27 20:37:21,2025-06-30 11:24:33,Payment issue,Medium
ST001101,CL0356,2025-06-28 00:32:19,2025-06-30 10:14:04,Payment issue,Low
ST001102,CL0373,2025-06-28 00:34:33,2025-06-28 14:53:04,Technical,High
ST001103,CL0443,2025-06-28 01:11:41,2025-06-29 09:03:57,Documents,Low
ST001104,CL0024,2025-06-28 04:23:20,2025-06-28 14:20:02,Documents,High
ST001105,CL0252,2025-06-28 06:04:27,2025-06-28 21:45:58,Other,High
ST001106,CL0026,2025-06-28 07:44:39,2025-06-29 05:36:07,Payment issue,Medium
ST001107,CL0026,2025-06-28 08:52:44,2025-06-29 21:06:47,Account,Medium
ST001108,CL0488,2025-06-28 09:40:22,2025-06-28 23:36:12,Documents,Medium
ST001109,CL0062,2025-06-28 10:02:54,2025-06-30 20:55:28,Payment issue,Medium
ST001110,CL0015,2025-06-28 11:06:53,2025-06-30 13:10:37,Technical,Medium
ST001111,CL0307,2025-06-28 12:23:38,2025-06-29 02:23:46,Account,High
ST001112,CL0398,2025-06-28 15:21:10,2025-06-29 18:27:33,Other,Medium
ST001113,CL0243,2025-06-28 15:24:55,2025-06-29 01:37:59,Documents,High
ST001114,CL0202,2025-06-28 17:15:27,2025-06-30 00:56:17,Documents,Medium
ST001115,CL0033,2025-06-28 17:50:20,2025-07-01 06:29:04,Technical,Medium
ST001116,CL0202,2025-06-28 19:06:11,2025-06-30 21:34:25,Other,Medium
ST001117,CL0241,2025-06-28 19:28:20,2025-06-30 12:38:08,Compliance,Medium
ST001118,CL0243,2025-06-28 19:51:11,2025-07-01 10:28:53,Compliance,Medium
ST001119,CL0026,2025-06-28 20:16:51,2025-07-02 20:42:33,Other,Low
ST001120,CL0008,2025-06-28 22:20:18,2025-06-30 01:58:58,Account,Medium
ST001121,CL0054,2025-06-29 01:38:00,2025-07-01 08:40:09,Documents,Low
ST001122,CL0062,2025-06-29 03:42:54,2025-07-02 19:38:23,Account,Low
ST001123,CL0278,2025-06-29 03:52:17,2025-07-01 12:06:39,Account,Medium
ST001124,CL0054,2025-06-29 04:11:18,2025-07-01 00:29:29,Other,Low
ST001125,CL0486,2025-06-29 05:21:52,2025-06-30 19:54:18,Technical,Medium
ST001126,CL0461,2025-06-29 10:27:02,2025-07-01 08:50:12,Compliance,Medium
ST001127,CL0308,2025-06-29 12:50:54,2025-06-29 14:37:57,Payment issue,Critical
ST001128,CL0500,2025-06-29 13:09:24,2025-06-30 03:14:40,Payment issue,Medium
ST001129,CL0064,2025-06-29 16:01:39,2025-07-01 01:21:00,Other,Low
ST001130,CL0364,2025-06-29 16:13:53,2025-06-30 09:35:54,Payment issue,High
ST001131,CL0317,2025-06-29 16:48:11,2025-06-29 21:07:48,Compliance,Critical
ST001132,CL0217,2025-06-29 19:02:43,2025-07-01 16:30:16,Documents,Medium
ST001133,CL0317,2025-06-29 19:40:09,2025-07-04 01:44:58,Technical,Low
ST001134,CL0169,2025-06-30 00:59:13,2025-07-02 12:51:54,Payment issue,Medium
ST001135,CL0492,2025-06-30 01:52:03,2025-06-30 11:48:28,Payment issue,High
ST001136,CL0356,2025-06-30 02:24:24,2025-07-01 00:23:06,Compliance,Medium
ST001137,CL0240,2025-06-30 04:16:46,2025-07-02 00:07:11,Other,Low
ST001138,CL0117,2025-06-30 04:24:39,2025-07-01 04:17:40,Payment issue,High
ST001139,CL0061,2025-06-30 04:44:39,2025-06-30 07:05:33,Compliance,Critical
ST001140,CL0026,2025-06-30 07:16:30,2025-06-30 19:09:22,Technical,Medium
ST001141,CL0145,2025-06-30 07:42:27,2025-06-30 12:42:48,Other,High
ST001142,CL0401,2025-06-30 08:19:58,2025-06-30 15:50:40,Account,High
ST001143,CL0202,2025-06-30 16:32:43,2025-07-01 07:13:23,Compliance,High
ST001144,CL0071,2025-06-30 16:51:17,2025-06-30 22:33:17,Documents,High
ST001145,CL0064,2025-06-30 17:49:36,2025-07-01 16:48:20,Payment issue,Medium
ST001146,CL0146,2025-06-30 18:28:48,2025-07-02 20:39:11,Documents,Medium
ST001147,CL0317,2025-06-30 18:29:59,2025-07-01 23:52:51,Compliance,Medium
ST001148,CL0275,2025-06-30 19:57:11,2025-07-03 23:54:31,Compliance,Low
ST001149,CL0332,2025-07-02 06:49:11,2025-07-03 21:29:34,Payment issue,Low
ST001150,CL0128,2025-07-02 12:16:19,2025-07-05 20:25:18,Payment issue,Low
ST001151,CL0071,2025-07-02 15:25:06,2025-07-04 08:18:12,Technical,Medium
ST001152,CL0392,2025-07-02 17:55:31,2025-07-05 12:12:03,Payment issue,Medium
ST001153,CL0061,2025-07-02 20:17:29,2025-07-05 14:36:04,Compliance,Medium
ST001154,CL0281,2025-07-03 02:41:38,2025-07-04 19:08:33,Technical,Low
ST001155,CL0338,2025-07-03 02:59:17,2025-07-05 20:52:17,Other,Low
ST001156,CL0338,2025-07-03 11:27:00,2025-07-03 14:54:14,Payment issue,Critical
ST001157,CL0109,2025-07-03 16:06:38,2025-07-04 16:08:57,Compliance,Medium
ST001158,CL0431,2025-07-04 03:08:45,2025-07-07 04:54:43,Payment issue,Low
ST001159,CL0120,2025-07-04 04:02:58,2025-07-06 19:27:20,Payment issue,Medium
ST001160,CL0189,2025-07-04 14:21:04,2025-07-07 13:08:02,Payment issue,Medium
ST001161,CL0343,2025-07-04 19:00:29,2025-07-05 20:24:35,Payment issue,High
ST001162,CL0473,2025-07-05 03:51:43,2025-07-06 02:03:12,Payment issue,High
ST001163,CL0457,2025-07-05 09:06:08,2025-07-07 09:42:41,Payment issue,Medium
ST001164,CL0054,2025-07-05 12:17:17,2025-07-08 06:46:05,Payment issue,Medium
ST001165,CL0154,2025-07-05 12:41:33,2025-07-08 21:14:04,Payment issue,Low
ST001166,CL0180,2025-07-06 15:12:35,2025-07-07 18:05:07,Account,Low
ST001167,CL0073,2025-07-06 19:29:30,2025-07-10 06:28:25,Compliance,Low
ST001168,CL0073,2025-07-07 08:09:30,2025-07-09 22:39:51,Other,Medium
ST001169,CL0501,2025-07-07 11:09:27,2025-07-11 20:42:50,Technical,Low
ST001170,CL0332,2025-07-07 17:04:55,2025-07-07 19:03:32,Other,Critical
ST001171,CL0269,2025-07-08 01:53:00,2025-07-09 05:11:31,Technical,Medium
ST001172,CL0064,2025-07-08 02:01:13,2025-07-11 09:14:44,Payment issue,Low
ST001173,CL0435,2025-07-08 04:42:00,2025-07-12 12:22:53,Other,Low
ST001174,CL0032,2025-07-08 11:53:34,2025-07-09 23:34:12,Payment issue,Medium
ST001175,CL0435,2025-07-08 21:32:46,2025-07-11 21:15:49,Compliance,Low
ST001176,CL0489,2025-07-09 06:50:21,2025-07-12 23:22:40,Payment issue,Low
ST001177,CL0396,2025-07-09 18:57:11,2025-07-11 12:25:53,Technical,Medium
ST001178,CL0361,2025-07-09 21:37:25,2025-07-11 00:33:33,Payment issue,Medium
ST001179,CL0489,2025-07-10 06:48:32,2025-07-11 22:11:30,Other,Medium
ST001180,CL0128,2025-07-10 10:54:43,2025-07-12 11:31:40,Documents,Medium
ST001181,CL0128,2025-07-10 17:50:23,2025-07-11 06:50:57,Payment issue,Medium
ST001182,CL0046,2025-07-11 04:01:09,2025-07-13 21:38:59,Payment issue,Medium
ST001183,CL0112,2025-07-11 05:05:34,2025-07-15 10:04:15,Technical,Low
ST001184,CL0306,2025-07-11 12:39:45,2025-07-16 03:43:49,Payment issue,Low
ST001185,CL0046,2025-07-11 18:28:51,2025-07-11 23:04:50,Technical,High
ST001186,CL0278,2025-07-12 05:31:51,2025-07-12 19:14:41,Technical,Medium
ST001187,CL0244,2025-07-12 21:10:44,2025-07-17 20:13:21,Account,Low
ST001188,CL0353,2025-07-12 23:55:30,2025-07-14 01:39:49,Payment issue,Medium
ST001189,CL0189,2025-07-13 03:25:32,2025-07-13 04:46:08,Compliance,Critical
ST001190,CL0154,2025-07-13 10:05:54,2025-07-13 20:07:34,Account,High
ST001191,CL0068,2025-07-13 11:43:15,2025-07-16 18:19:36,Compliance,Low
ST001192,CL0046,2025-07-13 12:58:26,2025-07-18 00:02:23,Payment issue,Low
ST001193,CL0438,2025-07-13 15:38:51,2025-07-16 09:15:30,Technical,Medium
ST001194,CL0473,2025-07-13 23:03:58,2025-07-18 09:34:23,Compliance,Low
ST001195,CL0146,2025-07-14 03:15:05,2025-07-14 15:46:24,Documents,Medium
ST001196,CL0410,2025-07-14 09:07:02,2025-07-16 15:17:46,Documents,Medium
ST001197,CL0071,2025-07-14 14:09:45,2025-07-17 12:12:21,Documents,Medium
ST001198,CL0410,2025-07-14 16:13:09,2025-07-15 16:46:36,Compliance,Low
ST001199,CL0262,2025-07-14 17:58:12,2025-07-15 03:25:38,Compliance,High
ST001200,CL0382,2025-07-14 23:16:58,2025-07-16 23:21:05,Payment issue,Medium
ST001201,CL0073,2025-07-15 09:14:45,,Payment issue,Medium
ST001202,CL0392,2025-07-15 23:34:52,2025-07-16 12:18:51,Payment issue,High
ST001203,CL0326,2025-07-16 22:06:04,2025-07-19 12:34:27,Other,Low
ST001204,CL0382,2025-07-17 04:35:32,2025-07-19 09:12:58,Compliance,Low
ST001205,CL0269,2025-07-17 08:06:07,2025-07-18 13:13:52,Documents,Medium
ST001206,CL0042,2025-07-17 10:48:55,2025-07-18 21:22:21,Account,Low
ST001207,CL0345,2025-07-17 21:49:28,2025-07-20 11:52:31,Technical,Low
ST001208,CL0175,2025-07-18 01:24:17,2025-07-19 03:14:43,Payment issue,Medium
ST001209,CL0146,2025-07-18 06:37:20,2025-07-21 19:53:27,Other,Low
ST001210,CL0018,2025-07-18 11:00:42,2025-07-20 16:17:34,Compliance,Medium
ST001211,CL0449,2025-07-18 16:43:29,2025-07-20 02:11:59,Account,Low
ST001212,CL0426,2025-07-18 17:10:38,2025-07-21 15:29:57,Technical,Medium
ST001213,CL0168,2025-07-18 22:03:02,2025-07-23 14:52:59,Compliance,Low
ST001214,CL0279,2025-07-19 05:56:07,2025-07-21 13:09:55,Payment issue,Low
ST001215,CL0133,2025-07-19 06:52:44,2025-07-20 06:09:27,Compliance,High
ST001216,CL0032,2025-07-19 11:34:45,2025-07-19 21:39:26,Account,Medium
ST001217,CL0495,2025-07-19 12:14:07,2025-07-20 16:32:22,Payment issue,Medium
ST001218,CL0145,2025-07-19 15:56:15,2025-07-20 02:47:39,Compliance,High
ST001219,CL0201,2025-07-20 02:40:38,2025-07-22 03:11:58,Payment issue,Medium
ST001220,CL0112,2025-07-20 07:37:06,2025-07-21 10:01:51,Account,Low
ST001221,CL0082,2025-07-20 12:48:02,2025-07-23 16:18:32,Account,Low
ST001222,CL0406,2025-07-21 02:24:46,2025-07-22 12:41:08,Account,Medium
ST001223,CL0205,2025-07-21 07:39:19,2025-07-25 00:01:01,Documents,Low
ST001224,CL0445,2025-07-21 15:07:55,2025-07-23 01:46:51,Other,Medium
ST001225,CL0119,2025-07-22 19:33:20,2025-07-23 04:26:01,Account,Critical
ST001226,CL0217,2025-07-23 04:18:13,2025-07-25 23:24:07,Payment issue,Medium
ST001227,CL0133,2025-07-23 06:58:53,2025-07-23 17:23:30,Technical,Medium
ST001228,CL0146,2025-07-23 08:56:23,2025-07-24 21:39:58,Payment issue,Medium
ST001229,CL0445,2025-07-23 11:20:51,2025-07-25 16:58:51,Documents,Medium
ST001230,CL0056,2025-07-23 12:45:48,2025-07-26 11:27:53,Payment issue,Low
ST001231,CL0301,2025-07-23 17:10:40,2025-07-26 16:49:36,Documents,Low
ST001232,CL0095,2025-07-23 19:56:54,2025-07-26 01:47:28,Account,Low
ST001233,CL0141,2025-07-23 23:08:28,2025-07-28 16:07:07,Documents,Low
ST001234,CL0056,2025-07-24 05:10:06,2025-07-26 12:03:32,Other,Low
ST001235,CL0281,2025-07-24 09:27:14,2025-07-25 02:18:04,Compliance,Medium
ST001236,CL0068,2025-07-24 11:01:09,2025-07-26 03:02:23,Payment issue,Medium
ST001237,CL0345,2025-07-24 12:50:16,2025-07-25 11:14:52,Technical,High
ST001238,CL0438,2025-07-24 19:16:16,2025-07-26 06:29:21,Compliance,Medium
ST001239,CL0021,2025-07-24 19:28:39,2025-07-25 15:12:52,Technical,Medium
ST001240,CL0069,2025-07-24 21:20:09,2025-07-26 09:34:31,Documents,Medium
ST001241,CL0495,2025-07-25 01:03:08,2025-07-27 21:05:08,Payment issue,Medium
ST001242,CL0085,2025-07-25 02:43:20,2025-07-29 14:48:28,Documents,Low
ST001243,CL0361,2025-07-25 04:57:11,2025-07-26 07:06:28,Payment issue,Low
ST001244,CL0119,2025-07-25 06:07:28,2025-07-27 15:41:46,Technical,Medium
ST001245,CL0492,2025-07-25 10:09:30,2025-07-28 01:22:43,Payment issue,Low
ST001246,CL0069,2025-07-25 10:29:59,2025-07-27 05:51:11,Payment issue,Low
ST001247,CL0401,2025-07-25 11:01:47,2025-07-30 08:39:50,Compliance,Low
ST001248,CL0347,2025-07-25 13:05:26,2025-07-26 06:00:11,Compliance,High
ST001249,CL0317,2025-07-25 13:25:18,2025-07-28 01:21:39,Compliance,Medium
ST001250,CL0492,2025-07-25 14:16:34,2025-07-26 16:12:09,Payment issue,High
ST001251,CL0380,2025-07-25 17:51:18,2025-07-26 14:11:49,Payment issue,Medium
ST001252,CL0202,2025-07-25 21:50:57,2025-07-26 09:19:26,Payment issue,High
ST001253,CL0380,2025-07-25 22:34:06,2025-07-30 16:33:45,Payment issue,Low
ST001254,CL0329,2025-07-25 22:41:31,2025-07-27 18:10:39,Documents,Medium
ST001255,CL0117,2025-07-26 00:14:39,2025-07-26 09:35:11,Payment issue,Medium
ST001256,CL0278,2025-07-26 00:46:52,2025-07-30 10:09:20,Other,Low
ST001257,CL0244,2025-07-26 02:56:37,2025-07-28 13:37:06,Account,Medium
ST001258,CL0262,2025-07-26 03:11:10,2025-07-26 13:21:17,Technical,Medium
ST001259,CL0021,2025-07-26 03:14:46,2025-07-28 19:05:46,Compliance,Low
ST001260,CL0081,2025-07-26 03:27:07,2025-07-27 23:28:15,Payment issue,Low
ST001261,CL0488,2025-07-26 03:59:30,2025-07-28 02:48:14,Payment issue,Medium
ST001262,CL0323,2025-07-26 05:11:15,2025-07-28 05:45:08,Documents,Low
ST001263,CL0380,2025-07-26 07:24:15,2025-07-27 08:26:40,Compliance,High
ST001264,CL0317,2025-07-26 08:35:55,2025-07-28 21:53:00,Payment issue,Medium
ST001265,CL0168,2025-07-26 10:36:10,2025-07-28 04:36:20,Technical,Medium
ST001266,CL0086,2025-07-26 12:21:33,2025-07-28 20:05:47,Compliance,Low
ST001267,CL0024,2025-07-26 16:40:46,2025-07-31 06:41:27,Compliance,Low
ST001268,CL0208,2025-07-26 17:15:36,,Other,Medium
ST001269,CL0300,2025-07-26 17:47:01,2025-07-28 06:32:41,Account,Medium
ST001270,CL0338,2025-07-26 18:59:12,2025-07-29 17:07:55,Compliance,Medium
ST001271,CL0117,2025-07-26 18:59:33,2025-07-28 19:14:28,Payment issue,Medium
ST001272,CL0042,2025-07-26 21:00:05,2025-07-29 14:20:46,Documents,Medium
ST001273,CL0062,2025-07-27 03:18:13,2025-07-27 21:03:54,Technical,High
ST001274,CL0338,2025-07-27 06:45:36,2025-07-28 00:54:27,Compliance,High
ST001275,CL0241,2025-07-27 09:19:04,2025-07-28 07:53:56,Compliance,High
ST001276,CL0042,2025-07-27 12:31:00,2025-07-29 23:06:37,Account,Low
ST001277,CL0086,2025-07-27 15:25:59,2025-07-28 10:25:51,Technical,High
ST001278,CL0269,2025-07-27 18:53:13,2025-07-29 00:41:58,Payment issue,Medium
ST001279,CL0042,2025-07-27 20:47:50,2025-07-28 23:43:48,Other,Medium
ST001280,CL0281,2025-07-27 22:09:30,2025-07-28 14:41:40,Documents,Medium
ST001281,CL0317,2025-07-27 23:08:28,2025-07-28 09:02:40,Compliance,High
ST001282,CL0425,2025-07-28 03:10:38,2025-07-28 20:12:48,Documents,High
ST001283,CL0062,2025-07-28 04:08:02,2025-08-01 21:41:07,Compliance,Low
ST001284,CL0109,2025-07-28 07:53:32,2025-07-28 15:32:01,Account,Critical
ST001285,CL0492,2025-07-28 09:31:16,2025-07-29 09:32:12,Payment issue,High
ST001286,CL0435,2025-07-28 10:17:41,2025-07-30 11:28:03,Documents,Medium
ST001287,CL0486,2025-07-28 11:11:33,2025-07-31 13:15:49,Technical,Low
ST001288,CL0085,2025-07-28 13:47:06,2025-07-30 16:28:35,Compliance,Medium
ST001289,CL0064,2025-07-28 17:18:56,2025-07-29 04:31:22,Payment issue,High
ST001290,CL0085,2025-07-29 01:36:24,2025-08-02 05:31:03,Payment issue,Low
ST001291,CL0141,2025-07-29 05:46:34,2025-07-29 20:10:31,Compliance,Medium
ST001292,CL0292,2025-07-29 07:16:28,2025-07-30 06:15:39,Documents,High
ST001293,CL0423,2025-07-29 11:25:46,2025-07-29 22:35:43,Technical,High
ST001294,CL0401,2025-07-29 15:39:55,2025-08-03 01:48:20,Payment issue,Low
ST001295,CL0084,2025-07-29 17:55:50,2025-08-01 07:35:00,Other,Medium
ST001296,CL0068,2025-07-29 19:44:25,2025-07-30 04:51:08,Compliance,High
ST001297,CL0014,2025-07-29 20:05:32,2025-08-01 17:49:21,Payment issue,Medium
ST001298,CL0209,2025-07-29 20:18:29,2025-07-30 20:44:16,Payment issue,Medium
ST001299,CL0198,2025-07-29 21:37:53,2025-07-30 04:10:45,Compliance,Critical
ST001300,CL0208,2025-07-29 22:12:23,2025-08-02 06:29:41,Account,Low
ST001301,CL0401,2025-07-29 23:34:33,2025-08-03 04:55:10,Documents,Low
ST001302,CL0020,2025-07-30 04:12:20,2025-08-01 21:16:27,Payment issue,Low
ST001303,CL0317,2025-07-30 05:49:50,2025-08-03 07:38:22,Technical,Low
ST001304,CL0202,2025-07-30 07:13:52,2025-07-30 15:20:15,Payment issue,Medium
ST001305,CL0356,2025-07-30 13:19:32,2025-07-31 04:02:14,Compliance,High
ST001306,CL0240,2025-07-30 16:35:07,2025-08-02 11:36:30,Technical,Low
ST001307,CL0481,2025-07-30 20:08:05,2025-08-01 11:38:48,Documents,Medium
ST001308,CL0201,2025-07-30 23:36:18,2025-08-01 01:09:23,Documents,Low
ST001309,CL0250,2025-07-31 01:03:21,2025-08-01 13:03:04,Technical,Low
ST001310,CL0169,2025-07-31 09:08:54,,Payment issue,Medium
ST001311,CL0123,2025-07-31 09:13:14,2025-08-03 21:17:42,Technical,Low
ST001312,CL0074,2025-07-31 09:48:54,2025-08-01 11:10:43,Compliance,High
ST001313,CL0132,2025-07-31 12:03:06,2025-08-02 10:22:58,Payment issue,Medium
ST001314,CL0292,2025-07-31 14:07:40,2025-08-01 19:32:48,Account,Medium
ST001315,CL0276,2025-07-31 17:34:21,2025-08-01 03:31:54,Technical,Medium
ST001316,CL0257,2025-08-01 18:31:28,2025-08-02 06:24:52,Technical,High
ST001317,CL0438,2025-08-01 23:25:15,2025-08-03 07:43:01,Documents,Low
ST001318,CL0224,2025-08-01 23:39:01,2025-08-02 04:00:15,Technical,High
ST001319,CL0473,2025-08-02 00:34:25,2025-08-02 11:34:07,Payment issue,Medium
ST001320,CL0064,2025-08-02 07:48:01,2025-08-04 15:24:27,Other,Low
ST001321,CL0071,2025-08-02 09:32:54,2025-08-02 22:56:29,Payment issue,High
ST001322,CL0285,2025-08-02 13:28:10,2025-08-06 08:37:31,Account,Low
ST001323,CL0262,2025-08-02 14:57:59,2025-08-03 15:00:14,Compliance,High
ST001324,CL0175,2025-08-02 15:25:10,2025-08-03 12:29:17,Payment issue,High
ST001325,CL0435,2025-08-02 15:40:17,2025-08-05 00:02:48,Documents,Low
ST001326,CL0050,2025-08-03 00:31:29,2025-08-05 07:54:28,Payment issue,Medium
ST001327,CL0382,2025-08-03 07:01:26,2025-08-04 01:18:58,Payment issue,Medium
ST001328,CL0382,2025-08-03 11:46:20,2025-08-03 23:41:30,Payment issue,High
ST001329,CL0382,2025-08-03 14:07:32,2025-08-04 15:33:12,Payment issue,Medium
ST001330,CL0050,2025-08-03 18:58:51,2025-08-05 00:06:01,Documents,Low
ST001331,CL0193,2025-08-03 20:13:41,2025-08-04 21:44:00,Technical,Medium
ST001332,CL0411,2025-08-04 00:10:20,2025-08-04 23:09:41,Payment issue,High
ST001333,CL0392,2025-08-04 00:43:58,2025-08-04 16:09:15,Payment issue,High
ST001334,CL0050,2025-08-04 02:00:09,2025-08-04 23:20:06,Payment issue,Medium
ST001335,CL0070,2025-08-04 09:38:35,2025-08-04 12:00:32,Payment issue,High
ST001336,CL0073,2025-08-04 11:02:53,2025-08-07 03:08:32,Other,Medium
ST001337,CL0070,2025-08-04 16:44:21,2025-08-07 06:31:15,Account,Low
ST001338,CL0056,2025-08-04 21:55:39,2025-08-05 09:38:01,Payment issue,Medium
ST001339,CL0073,2025-08-05 02:48:41,2025-08-07 08:31:01,Documents,Medium
ST001340,CL0070,2025-08-05 09:24:56,2025-08-05 19:36:24,Payment issue,High
ST001341,CL0043,2025-08-05 09:48:27,2025-08-09 19:11:52,Account,Low
ST001342,CL0084,2025-08-05 11:23:44,2025-08-06 10:07:56,Payment issue,Medium
ST001343,CL0347,2025-08-05 21:13:12,2025-08-10 18:16:03,Documents,Low
ST001344,CL0501,2025-08-06 00:27:26,2025-08-06 16:28:42,Payment issue,Medium
ST001345,CL0084,2025-08-06 02:43:27,2025-08-06 20:50:01,Compliance,High
ST001346,CL0125,2025-08-06 13:39:02,2025-08-06 22:28:03,Compliance,High
ST001347,CL0201,2025-08-06 14:13:25,2025-08-08 06:55:31,Account,Medium
ST001348,CL0201,2025-08-06 17:52:54,2025-08-08 02:44:14,Account,Low
ST001349,CL0070,2025-08-06 19:05:53,2025-08-09 08:21:48,Documents,Low
ST001350,CL0343,2025-08-07 03:16:49,2025-08-07 13:43:57,Documents,High
ST001351,CL0416,2025-08-07 06:30:18,2025-08-09 05:52:26,Other,Low
ST001352,CL0078,2025-08-07 09:12:15,2025-08-09 17:08:51,Compliance,Low
ST001353,CL0296,2025-08-07 18:38:13,2025-08-09 09:18:31,Payment issue,Medium
ST001354,CL0347,2025-08-07 20:12:35,2025-08-09 18:36:40,Other,Medium
ST001355,CL0321,2025-08-08 01:52:50,2025-08-09 01:46:10,Payment issue,High
ST001356,CL0061,2025-08-08 08:11:16,2025-08-10 12:49:08,Account,Medium
ST001357,CL0112,2025-08-08 09:01:27,2025-08-09 14:18:26,Payment issue,Low
ST001358,CL0493,2025-08-09 00:15:29,2025-08-10 12:53:14,Payment issue,Medium
ST001359,CL0296,2025-08-09 08:25:38,2025-08-10 08:39:08,Payment issue,High
ST001360,CL0262,2025-08-09 09:37:40,2025-08-12 07:28:04,Compliance,Medium
ST001361,CL0426,2025-08-09 10:26:42,2025-08-13 12:03:33,Documents,Low
ST001362,CL0343,2025-08-09 14:16:40,2025-08-09 21:04:48,Documents,Critical
ST001363,CL0046,2025-08-09 14:22:17,2025-08-10 04:33:16,Account,High
ST001364,CL0321,2025-08-09 15:24:12,2025-08-09 22:51:46,Payment issue,Critical
ST001365,CL0445,2025-08-10 00:01:32,2025-08-14 09:01:47,Account,Low
ST001366,CL0224,2025-08-10 00:42:03,2025-08-14 21:54:19,Other,Low
ST001367,CL0386,2025-08-10 05:49:15,2025-08-12 09:33:23,Account,Low
ST001368,CL0445,2025-08-10 09:36:53,2025-08-11 23:51:39,Documents,Low
ST001369,CL0382,2025-08-10 10:19:54,2025-08-11 05:52:05,Compliance,Medium
ST001370,CL0416,2025-08-10 23:07:04,2025-08-11 05:37:14,Compliance,High
ST001371,CL0432,2025-08-11 04:27:19,2025-08-14 01:24:51,Compliance,Low
ST001372,CL0386,2025-08-11 05:52:38,,Other,Low
ST001373,CL0431,2025-08-11 11:20:25,2025-08-11 21:51:40,Documents,High
ST001374,CL0449,2025-08-11 14:35:10,2025-08-11 23:39:14,Compliance,Medium
ST001375,CL0224,2025-08-11 14:54:04,2025-08-12 10:10:26,Compliance,High
ST001376,CL0416,2025-08-11 18:56:13,2025-08-14 12:45:25,Compliance,Medium
ST001377,CL0046,2025-08-12 02:36:18,2025-08-13 19:27:47,Payment issue,Low
ST001378,CL0168,2025-08-12 08:26:51,2025-08-14 05:09:17,Documents,Medium
ST001379,CL0027,2025-08-12 18:05:12,2025-08-17 14:26:27,Payment issue,Low
ST001380,CL0070,2025-08-12 21:03:26,2025-08-13 07:18:14,Technical,Medium
ST001381,CL0224,2025-08-13 02:54:38,2025-08-16 13:52:08,Other,Low
ST001382,CL0410,2025-08-13 07:00:47,2025-08-15 06:47:41,Compliance,Medium
ST001383,CL0154,2025-08-13 07:57:25,2025-08-16 00:30:38,Compliance,Medium
ST001384,CL0325,2025-08-13 08:09:48,2025-08-17 13:36:59,Payment issue,Low
ST001385,CL0132,2025-08-13 16:48:35,2025-08-16 23:44:16,Account,Low
ST001386,CL0445,2025-08-13 18:00:59,2025-08-16 15:47:26,Documents,Medium
ST001387,CL0445,2025-08-14 13:25:55,2025-08-16 04:00:34,Payment issue,Medium
ST001388,CL0501,2025-08-14 14:18:31,2025-08-15 14:10:44,Account,Medium
ST001389,CL0426,2025-08-14 16:01:27,2025-08-19 08:35:40,Documents,Low
ST001390,CL0149,2025-08-15 03:39:35,2025-08-17 21:24:30,Payment issue,Medium
ST001391,CL0296,2025-08-15 10:25:01,2025-08-16 16:02:26,Technical,Medium
ST001392,CL0029,2025-08-15 16:19:47,2025-08-15 19:27:48,Technical,High
ST001393,CL0285,2025-08-15 21:20:25,2025-08-16 16:09:37,Payment issue,High
ST001394,CL0201,2025-08-15 22:34:04,2025-08-18 12:53:28,Account,Medium
ST001395,CL0343,2025-08-16 02:48:51,2025-08-18 23:03:34,Payment issue,Low
ST001396,CL0311,2025-08-16 02:56:43,2025-08-16 21:12:40,Other,Medium
ST001397,CL0338,2025-08-16 03:42:52,2025-08-17 23:35:00,Documents,Medium
ST001398,CL0146,2025-08-16 03:48:10,2025-08-17 21:35:39,Compliance,Medium
ST001399,CL0410,2025-08-16 11:26:44,2025-08-19 07:30:36,Documents,Low
ST001400,CL0119,2025-08-16 15:07:28,2025-08-18 20:52:03,Compliance,Low
ST001401,CL0046,2025-08-16 16:59:36,2025-08-17 11:41:58,Payment issue,Medium
ST001402,CL0027,2025-08-17 00:16:49,2025-08-17 09:14:46,Account,High
ST001403,CL0201,2025-08-17 01:03:08,2025-08-21 01:23:59,Technical,Low
ST001404,CL0119,2025-08-17 03:28:15,2025-08-21 05:06:46,Payment issue,Low
ST001405,CL0175,2025-08-17 04:13:06,2025-08-17 18:23:26,Compliance,High
ST001406,CL0132,2025-08-17 04:55:39,2025-08-19 07:06:51,Compliance,Medium
ST001407,CL0087,2025-08-17 05:18:11,2025-08-20 12:34:44,Payment issue,Low
ST001408,CL0262,2025-08-17 09:30:23,2025-08-17 14:59:02,Payment issue,Critical
ST001409,CL0457,2025-08-17 09:44:31,2025-08-18 09:50:13,Payment issue,Low
ST001410,CL0443,2025-08-17 17:21:40,2025-08-21 21:29:52,Compliance,Low
ST001411,CL0229,2025-08-17 19:02:03,2025-08-20 17:39:15,Account,Medium
ST001412,CL0056,2025-08-17 19:37:21,2025-08-19 23:17:16,Payment issue,Medium
ST001413,CL0168,2025-08-17 21:57:52,2025-08-19 05:38:34,Other,Low
ST001414,CL0154,2025-08-18 02:10:04,,Documents,Medium
ST001415,CL0257,2025-08-18 07:24:52,2025-08-19 08:29:06,Payment issue,High
ST001416,CL0464,2025-08-18 07:49:08,2025-08-19 07:11:45,Compliance,High
ST001417,CL0161,2025-08-18 10:51:17,2025-08-20 01:56:09,Documents,Low
ST001418,CL0229,2025-08-18 11:01:30,2025-08-19 11:22:28,Compliance,High
ST001419,CL0154,2025-08-18 11:32:38,2025-08-18 20:07:52,Payment issue,Medium
ST001420,CL0438,2025-08-18 11:40:37,2025-08-22 08:16:06,Payment issue,Low
ST001421,CL0303,2025-08-18 11:44:53,2025-08-20 15:10:05,Other,Medium
ST001422,CL0130,2025-08-18 16:05:12,2025-08-20 02:14:31,Payment issue,Low
ST001423,CL0070,2025-08-18 18:29:29,2025-08-18 22:37:35,Compliance,Critical
ST001424,CL0501,2025-08-19 10:45:32,2025-08-22 04:57:38,Documents,Medium
ST001425,CL0432,2025-08-19 11:59:23,2025-08-20 15:12:54,Payment issue,Low
ST001426,CL0056,2025-08-20 06:23:31,2025-08-20 08:57:42,Other,High
ST001427,CL0032,2025-08-20 12:55:31,2025-08-23 10:44:39,Other,Medium
ST001428,CL0259,2025-08-20 14:31:12,2025-08-23 18:18:31,Documents,Low
ST001429,CL0042,2025-08-20 17:58:07,2025-08-24 09:26:21,Payment issue,Low
ST001430,CL0070,2025-08-20 21:15:37,2025-08-20 22:19:53,Account,Critical
ST001431,CL0338,2025-08-21 05:29:44,2025-08-24 01:30:38,Account,Medium
ST001432,CL0311,2025-08-21 08:54:29,2025-08-21 16:11:48,Payment issue,High
ST001433,CL0196,2025-08-21 14:47:49,2025-08-23 12:02:20,Payment issue,Low
ST001434,CL0259,2025-08-21 18:13:44,2025-08-22 07:03:12,Payment issue,High
ST001435,CL0130,2025-08-22 00:21:49,2025-08-23 22:04:10,Technical,Medium
ST001436,CL0281,2025-08-23 04:57:37,2025-08-25 01:21:49,Payment issue,Medium
ST001437,CL0343,2025-08-23 13:02:59,2025-08-23 16:09:02,Documents,High
ST001438,CL0064,2025-08-23 19:58:10,2025-08-24 08:07:31,Payment issue,High
ST001439,CL0234,2025-08-23 23:01:38,2025-08-24 22:39:22,Payment issue,Medium
ST001440,CL0190,2025-08-24 01:26:13,2025-08-24 08:37:45,Payment issue,High
ST001441,CL0262,2025-08-24 02:39:23,2025-08-26 19:23:18,Payment issue,Medium
ST001442,CL0493,2025-08-24 05:32:14,2025-08-24 14:35:28,Payment issue,High
ST001443,CL0432,2025-08-24 06:12:21,2025-08-26 20:45:16,Payment issue,Low
ST001444,CL0068,2025-08-24 06:41:45,2025-08-26 19:45:47,Account,Medium
ST001445,CL0321,2025-08-24 11:56:39,2025-08-24 22:52:35,Payment issue,Medium
ST001446,CL0262,2025-08-24 21:23:29,2025-08-29 10:54:22,Account,Low
ST001447,CL0483,2025-08-24 21:56:58,2025-08-27 12:45:56,Compliance,Low
ST001448,CL0344,2025-08-24 23:22:19,2025-08-26 01:56:45,Technical,Medium
ST001449,CL0095,2025-08-24 23:48:34,2025-08-27 01:36:14,Documents,Medium
ST001450,CL0321,2025-08-25 03:32:51,2025-08-26 18:25:32,Payment issue,Medium
ST001451,CL0252,2025-08-25 19:19:37,2025-08-27 14:27:59,Documents,Low
ST001452,CL0240,2025-08-25 21:19:12,2025-08-27 14:14:56,Payment issue,Low
ST001453,CL0081,2025-08-25 21:21:08,2025-08-28 18:57:38,Technical,Medium
ST001454,CL0202,2025-08-25 21:33:36,,Technical,Low
ST001455,CL0338,2025-08-25 22:59:57,2025-08-26 23:29:03,Payment issue,Low
ST001456,CL0136,2025-08-26 00:30:34,2025-08-26 10:09:36,Account,Medium
ST001457,CL0122,2025-08-26 04:28:44,2025-08-29 23:03:44,Other,Low
ST001458,CL0262,2025-08-26 05:40:30,2025-08-27 17:37:02,Documents,Medium
ST001459,CL0455,2025-08-26 09:12:24,2025-08-28 11:21:29,Documents,Low
ST001460,CL0202,2025-08-26 11:55:59,2025-08-31 08:39:07,Payment issue,Low
ST001461,CL0187,2025-08-26 12:25:15,2025-08-27 19:18:34,Technical,Medium
ST001462,CL0329,2025-08-26 12:49:05,2025-08-29 08:41:42,Technical,Low
ST001463,CL0286,2025-08-26 13:29:05,2025-08-29 05:17:11,Technical,Low
ST001464,CL0161,2025-08-26 13:44:46,2025-08-26 20:24:21,Compliance,Critical
ST001465,CL0162,2025-08-26 19:16:24,2025-08-28 09:47:06,Technical,Medium
ST001466,CL0175,2025-08-26 19:16:43,2025-08-29 16:02:55,Technical,Medium
ST001467,CL0285,2025-08-26 19:20:36,2025-08-30 13:29:29,Compliance,Low
ST001468,CL0050,2025-08-26 21:47:27,2025-08-28 02:37:52,Payment issue,Low
ST001469,CL0322,2025-08-26 21:57:39,2025-08-29 05:07:52,Account,Low
ST001470,CL0259,2025-08-27 00:32:38,2025-08-31 18:27:41,Compliance,Low
ST001471,CL0067,2025-08-27 01:33:08,2025-08-27 23:56:15,Account,High
ST001472,CL0240,2025-08-27 01:38:12,2025-08-28 21:39:30,Payment issue,Low
ST001473,CL0202,2025-08-27 05:30:23,2025-08-27 19:16:49,Technical,Medium
ST001474,CL0103,2025-08-27 14:12:56,2025-08-30 19:19:58,Payment issue,Low
ST001475,CL0459,2025-08-27 18:36:17,2025-08-28 11:04:27,Payment issue,High
ST001476,CL0233,2025-08-27 19:51:13,2025-08-31 14:16:05,Other,Low
ST001477,CL0252,2025-08-27 19:59:25,2025-08-28 08:02:43,Compliance,High
ST001478,CL0205,2025-08-27 21:42:41,2025-08-30 13:46:59,Account,Medium
ST001479,CL0085,2025-08-27 22:45:35,2025-09-01 18:33:54,Documents,Low
ST001480,CL0169,2025-08-28 00:35:44,2025-08-28 06:29:28,Technical,Critical
ST001481,CL0394,2025-08-28 00:44:05,2025-08-29 01:17:58,Documents,High
ST001482,CL0042,2025-08-28 01:07:45,2025-08-29 08:06:12,Technical,Low
ST001483,CL0073,2025-08-28 03:54:24,2025-08-30 09:59:40,Payment issue,Low
ST001484,CL0240,2025-08-28 04:18:18,2025-08-30 19:41:08,Compliance,Medium
ST001485,CL0452,2025-08-28 07:35:55,2025-09-02 06:51:52,Account,Low
ST001486,CL0394,2025-08-28 08:47:31,2025-08-28 23:05:22,Payment issue,High
ST001487,CL0067,2025-08-28 08:48:14,2025-08-29 19:44:26,Compliance,Low
ST001488,CL0452,2025-08-28 10:02:03,2025-08-30 00:37:06,Other,Medium
ST001489,CL0208,2025-08-28 11:45:06,2025-08-30 14:26:48,Compliance,Low
ST001490,CL0491,2025-08-28 12:52:04,2025-08-31 00:40:07,Account,Low
ST001491,CL0240,2025-08-28 13:23:29,2025-08-31 15:11:00,Payment issue,Low
ST001492,CL0061,2025-08-28 13:45:45,2025-08-29 08:10:56,Compliance,High
ST001493,CL0056,2025-08-28 14:24:51,2025-08-29 00:14:04,Documents,Medium
ST001494,CL0281,2025-08-28 17:26:43,2025-08-29 12:50:48,Documents,Medium
ST001495,CL0033,2025-08-28 20:29:25,2025-08-31 00:41:26,Payment issue,Medium
ST001496,CL0410,2025-08-28 22:21:04,2025-08-30 12:44:46,Compliance,Medium
ST001497,CL0208,2025-08-29 00:58:21,2025-09-01 00:28:17,Technical,Low
ST001498,CL0067,2025-08-29 04:38:03,2025-08-30 00:47:07,Payment issue,High
ST001499,CL0417,2025-08-29 04:52:00,2025-09-01 01:44:05,Compliance,Low
ST001500,CL0027,2025-08-29 07:15:03,2025-08-30 05:33:20,Payment issue,Medium
ST001501,CL0027,2025-08-29 10:13:22,2025-09-01 01:04:47,Documents,Medium
ST001502,CL0410,2025-08-29 10:51:17,2025-08-31 01:21:39,Payment issue,Low
ST001503,CL0390,2025-08-29 13:49:51,2025-08-31 19:58:40,Documents,Medium
ST001504,CL0123,2025-08-29 14:12:54,2025-09-01 09:48:50,Payment issue,Low
ST001505,CL0452,2025-08-29 14:19:00,2025-09-01 06:57:43,Payment issue,Medium
ST001506,CL0067,2025-08-29 16:14:07,2025-09-02 19:48:26,Compliance,Low
ST001507,CL0070,2025-08-29 16:37:30,2025-08-30 10:22:09,Payment issue,High
ST001508,CL0401,2025-08-29 18:58:04,2025-09-01 18:14:53,Compliance,Medium
ST001509,CL0128,2025-08-29 19:08:05,2025-09-03 03:48:18,Payment issue,Low
ST001510,CL0027,2025-08-29 19:53:37,2025-09-01 11:25:08,Payment issue,Medium
ST001511,CL0106,2025-08-29 20:04:34,2025-09-01 05:29:36,Compliance,Medium
ST001512,CL0085,2025-08-29 20:32:49,2025-08-30 04:54:00,Compliance,High
ST001513,CL0205,2025-08-29 23:51:25,2025-08-31 15:37:32,Technical,Medium
ST001514,CL0086,2025-08-30 00:33:31,2025-09-01 21:03:57,Compliance,Medium
ST001515,CL0241,2025-08-30 02:28:10,2025-09-04 00:09:23,Other,Low
ST001516,CL0096,2025-08-30 10:38:05,2025-08-31 06:54:13,Documents,Medium
ST001517,CL0106,2025-08-30 10:49:38,2025-09-03 09:39:15,Account,Low
ST001518,CL0106,2025-08-30 11:05:28,2025-09-01 03:42:55,Other,Medium
ST001519,CL0440,2025-08-30 11:27:25,2025-09-02 23:32:56,Other,Low
ST001520,CL0032,2025-08-30 12:21:42,2025-08-30 23:05:13,Documents,High
ST001521,CL0390,2025-08-30 12:26:19,2025-08-31 04:34:37,Technical,High
ST001522,CL0106,2025-08-30 13:13:19,2025-08-31 13:51:55,Compliance,Low
ST001523,CL0484,2025-08-30 15:24:08,2025-08-30 21:06:44,Payment issue,Critical
ST001524,CL0224,2025-08-30 15:57:04,2025-09-01 08:29:34,Other,Medium
ST001525,CL0071,2025-08-30 18:59:03,2025-09-01 22:46:24,Technical,Medium
ST001526,CL0169,2025-08-30 19:22:39,2025-08-31 07:20:19,Technical,High
ST001527,CL0300,2025-08-30 21:14:36,2025-09-03 03:12:11,Payment issue,Low
ST001528,CL0236,2025-08-31 00:51:17,2025-09-01 16:39:37,Other,Low
ST001529,CL0130,2025-08-31 00:53:27,2025-09-02 21:59:31,Payment issue,Medium
ST001530,CL0440,2025-08-31 01:17:03,2025-08-31 20:30:40,Payment issue,High
ST001531,CL0206,2025-08-31 02:18:09,2025-09-03 19:30:47,Compliance,Low
ST001532,CL0033,2025-08-31 03:51:03,2025-09-02 14:41:39,Payment issue,Low
ST001533,CL0136,2025-08-31 04:41:24,2025-09-03 04:04:23,Documents,Medium
ST001534,CL0448,2025-08-31 05:23:13,2025-09-02 05:00:57,Compliance,Medium
ST001535,CL0440,2025-08-31 06:12:47,2025-09-01 07:02:03,Payment issue,High
ST001536,CL0032,2025-08-31 07:41:02,2025-09-01 10:53:18,Payment issue,Low
ST001537,CL0347,2025-08-31 08:23:37,2025-08-31 16:21:43,Payment issue,High
ST001538,CL0215,2025-08-31 09:32:27,2025-08-31 23:34:42,Documents,Medium
ST001539,CL0440,2025-08-31 11:27:07,2025-09-02 16:54:33,Payment issue,Medium
ST001540,CL0489,2025-08-31 13:25:45,2025-09-03 00:36:33,Technical,Medium
ST001541,CL0032,2025-08-31 14:38:30,2025-08-31 18:47:32,Documents,Critical
ST001542,CL0047,2025-08-31 14:59:17,2025-09-01 21:13:08,Payment issue,Medium
ST001543,CL0305,2025-08-31 18:34:18,2025-09-05 15:44:54,Other,Low
ST001544,CL0208,2025-08-31 19:23:14,2025-09-02 15:15:01,Account,Low
ST001545,CL0364,2025-09-01 06:33:21,2025-09-01 14:03:44,Technical,High
ST001546,CL0106,2025-09-02 18:27:24,2025-09-04 19:17:38,Payment issue,Medium
ST001547,CL0109,2025-09-02 18:42:14,2025-09-05 05:53:10,Payment issue,Medium
ST001548,CL0306,2025-09-03 10:44:37,2025-09-06 06:28:15,Compliance,Low
ST001549,CL0149,2025-09-03 13:50:08,2025-09-06 09:38:21,Technical,Low
ST001550,CL0070,2025-09-03 13:56:09,2025-09-04 13:04:08,Compliance,Medium
ST001551,CL0042,2025-09-03 14:07:26,2025-09-04 21:32:30,Other,Low
ST001552,CL0459,2025-09-03 17:15:27,2025-09-04 16:31:57,Account,Medium
ST001553,CL0483,2025-09-03 17:35:25,2025-09-04 19:36:07,Documents,Medium
ST001554,CL0425,2025-09-03 19:37:05,2025-09-06 08:41:39,Other,Low
ST001555,CL0112,2025-09-04 05:56:01,2025-09-04 10:15:22,Documents,High
ST001556,CL0301,2025-09-05 03:36:57,2025-09-06 09:53:18,Compliance,Medium
ST001557,CL0078,2025-09-05 04:03:00,2025-09-05 12:03:47,Compliance,Medium
ST001558,CL0281,2025-09-05 04:49:52,2025-09-05 12:43:41,Documents,High
ST001559,CL0435,2025-09-05 14:52:09,2025-09-08 00:54:33,Other,Low
ST001560,CL0338,2025-09-05 17:34:09,2025-09-09 22:19:14,Payment issue,Low
ST001561,CL0071,2025-09-05 19:35:07,2025-09-06 20:39:41,Documents,Medium
ST001562,CL0196,2025-09-05 22:13:04,2025-09-08 08:08:40,Account,Low
ST001563,CL0119,2025-09-06 03:47:06,2025-09-07 05:28:01,Account,High
ST001564,CL0190,2025-09-06 05:48:34,2025-09-09 16:26:11,Compliance,Low
ST001565,CL0050,2025-09-06 07:08:47,2025-09-07 01:51:57,Payment issue,High
ST001566,CL0309,2025-09-06 07:54:17,2025-09-07 12:05:55,Payment issue,Medium
ST001567,CL0448,2025-09-06 08:49:31,2025-09-06 12:37:55,Technical,High
ST001568,CL0130,2025-09-06 10:47:47,2025-09-09 05:36:14,Payment issue,Medium
ST001569,CL0070,2025-09-06 17:20:32,2025-09-07 01:39:32,Compliance,Medium
ST001570,CL0084,2025-09-07 01:10:50,2025-09-10 10:06:40,Documents,Low
ST001571,CL0472,2025-09-07 06:43:53,2025-09-09 10:28:57,Payment issue,Low
ST001572,CL0338,2025-09-07 09:00:29,2025-09-07 17:51:36,Payment issue,Medium
ST001573,CL0461,2025-09-07 09:32:48,2025-09-07 20:58:21,Compliance,Medium
ST001574,CL0278,2025-09-07 12:04:37,2025-09-07 18:40:57,Compliance,Critical
ST001575,CL0443,2025-09-07 12:56:31,2025-09-08 00:15:31,Compliance,High
ST001576,CL0459,2025-09-07 15:46:12,2025-09-08 14:53:31,Payment issue,High
ST001577,CL0190,2025-09-07 16:03:30,2025-09-08 01:13:12,Technical,High
ST001578,CL0323,2025-09-08 13:14:32,,Other,Medium
ST001579,CL0212,2025-09-08 16:50:20,2025-09-10 16:25:22,Payment issue,Low
ST001580,CL0338,2025-09-09 06:20:11,2025-09-12 21:35:18,Other,Low
ST001581,CL0493,2025-09-09 13:07:19,,Documents,Medium
ST001582,CL0233,2025-09-09 13:56:34,2025-09-09 16:14:43,Documents,High
ST001583,CL0084,2025-09-09 22:47:01,2025-09-10 06:13:29,Payment issue,High
ST001584,CL0321,2025-09-10 00:33:07,,Payment issue,High
ST001585,CL0231,2025-09-10 18:41:46,2025-09-15 07:14:52,Other,Low
ST001586,CL0054,2025-09-11 01:49:50,2025-09-12 22:09:12,Other,Medium
ST001587,CL0338,2025-09-11 04:21:24,2025-09-15 02:14:57,Payment issue,Low
ST001588,CL0278,2025-09-12 00:25:11,2025-09-12 16:16:57,Payment issue,Medium
ST001589,CL0136,2025-09-12 02:40:21,2025-09-13 09:34:23,Compliance,Medium
ST001590,CL0096,2025-09-13 01:51:30,2025-09-14 10:21:38,Payment issue,Medium
ST001591,CL0190,2025-09-13 05:11:09,2025-09-14 16:08:08,Compliance,Medium
ST001592,CL0030,2025-09-13 08:17:21,2025-09-15 18:17:55,Payment issue,Medium
ST001593,CL0489,2025-09-13 13:14:31,2025-09-16 23:10:08,Compliance,Low
ST001594,CL0416,2025-09-13 15:09:12,2025-09-14 14:27:48,Compliance,Medium
ST001595,CL0410,2025-09-13 16:50:17,2025-09-17 02:08:39,Payment issue,Low
ST001596,CL0483,2025-09-13 19:08:40,2025-09-14 15:08:09,Documents,High
ST001597,CL0030,2025-09-13 19:55:24,2025-09-16 07:00:50,Compliance,Low
ST001598,CL0335,2025-09-14 08:22:49,2025-09-15 19:49:35,Technical,Medium
ST001599,CL0321,2025-09-14 11:08:00,2025-09-15 12:19:12,Payment issue,Low
ST001600,CL0286,2025-09-14 18:48:56,2025-09-14 23:54:52,Payment issue,Critical
ST001601,CL0259,2025-09-15 05:55:42,2025-09-17 00:18:02,Technical,Low
ST001602,CL0498,2025-09-15 11:19:53,2025-09-20 05:40:05,Other,Low
ST001603,CL0406,2025-09-15 15:07:15,2025-09-17 06:56:30,Technical,Medium
ST001604,CL0448,2025-09-15 20:31:42,2025-09-18 02:45:25,Payment issue,Medium
ST001605,CL0281,2025-09-15 22:09:22,2025-09-19 22:39:58,Payment issue,Low
ST001606,CL0087,2025-09-16 02:46:33,2025-09-20 18:42:35,Account,Low
ST001607,CL0338,2025-09-16 05:23:29,2025-09-16 09:31:39,Compliance,High
ST001608,CL0374,2025-09-16 07:27:42,2025-09-20 02:42:59,Account,Low
ST001609,CL0406,2025-09-16 07:37:49,2025-09-19 11:06:44,Compliance,Low
ST001610,CL0042,2025-09-16 11:15:56,2025-09-19 02:12:57,Payment issue,Medium
ST001611,CL0461,2025-09-16 13:57:22,,Payment issue,Low
ST001612,CL0491,2025-09-16 18:17:13,2025-09-18 11:28:25,Account,Medium
ST001613,CL0426,2025-09-16 20:22:22,2025-09-18 06:12:37,Technical,Medium
ST001614,CL0493,2025-09-16 21:34:45,2025-09-17 10:32:03,Other,Medium
ST001615,CL0416,2025-09-17 01:11:51,2025-09-19 09:46:11,Technical,Medium
ST001616,CL0493,2025-09-17 01:18:04,2025-09-20 05:03:41,Technical,Low
ST001617,CL0269,2025-09-17 03:28:32,2025-09-19 10:58:30,Payment issue,Medium
ST001618,CL0021,2025-09-17 04:26:52,2025-09-17 07:21:29,Documents,High
ST001619,CL0338,2025-09-17 05:15:21,2025-09-17 11:38:29,Documents,High
ST001620,CL0030,2025-09-17 05:43:09,2025-09-17 21:35:14,Other,High
ST001621,CL0146,2025-09-17 08:09:56,2025-09-19 22:36:02,Payment issue,Medium
ST001622,CL0070,2025-09-17 19:31:41,2025-09-19 01:09:48,Account,Low
ST001623,CL0374,2025-09-18 07:25:26,2025-09-18 21:52:54,Account,Medium
ST001624,CL0069,2025-09-18 13:50:04,2025-09-21 11:53:43,Other,Medium
ST001625,CL0242,2025-09-18 18:25:57,2025-09-18 20:31:18,Technical,High
ST001626,CL0095,2025-09-18 22:36:53,2025-09-20 19:38:10,Payment issue,Medium
ST001627,CL0069,2025-09-19 02:14:25,,Payment issue,Medium
ST001628,CL0106,2025-09-19 05:21:49,2025-09-19 19:53:24,Technical,High
ST001629,CL0425,2025-09-19 06:46:43,2025-09-20 18:21:56,Technical,Medium
ST001630,CL0379,2025-09-19 10:12:01,2025-09-20 13:24:01,Documents,Medium
ST001631,CL0111,2025-09-19 10:41:24,2025-09-19 20:04:13,Payment issue,Medium
ST001632,CL0498,2025-09-19 15:20:36,2025-09-19 18:30:15,Account,Critical
ST001633,CL0070,2025-09-19 18:31:25,2025-09-23 15:49:21,Technical,Low
ST001634,CL0205,2025-09-19 18:37:02,2025-09-20 03:14:58,Payment issue,High
ST001635,CL0386,2025-09-19 21:41:48,2025-09-20 20:06:15,Payment issue,High
ST001636,CL0106,2025-09-20 00:04:59,2025-09-22 09:44:56,Technical,Medium
ST001637,CL0190,2025-09-20 00:45:51,2025-09-21 06:13:37,Technical,Medium
ST001638,CL0325,2025-09-20 03:01:25,2025-09-21 01:34:59,Payment issue,High
ST001639,CL0190,2025-09-20 07:02:31,2025-09-23 02:15:59,Payment issue,Medium
ST001640,CL0164,2025-09-20 07:34:49,2025-09-20 20:47:14,Other,High
ST001641,CL0379,2025-09-20 10:57:09,2025-09-25 09:57:50,Technical,Low
ST001642,CL0128,2025-09-21 05:34:32,2025-09-21 14:38:09,Technical,High
ST001643,CL0196,2025-09-21 09:29:55,2025-09-26 07:53:56,Documents,Low
ST001644,CL0190,2025-09-21 19:08:24,2025-09-22 02:46:43,Payment issue,Critical
ST001645,CL0493,2025-09-22 01:53:56,2025-09-22 16:08:57,Compliance,High
ST001646,CL0190,2025-09-22 07:05:11,2025-09-22 18:58:21,Account,Medium
ST001647,CL0215,2025-09-22 11:16:40,2025-09-23 05:13:40,Documents,High
ST001648,CL0347,2025-09-22 12:35:36,2025-09-23 06:30:33,Payment issue,High
ST001649,CL0149,2025-09-23 00:39:08,2025-09-23 06:30:15,Payment issue,Critical
ST001650,CL0030,2025-09-23 05:27:43,2025-09-23 20:01:20,Technical,Medium
ST001651,CL0164,2025-09-23 09:39:16,2025-09-25 05:51:38,Technical,Medium
ST001652,CL0108,2025-09-23 14:26:50,2025-09-25 23:36:12,Payment issue,Medium
ST001653,CL0433,2025-09-23 19:07:51,2025-09-25 15:19:08,Account,Medium
ST001654,CL0306,2025-09-23 19:17:53,2025-09-25 21:37:55,Account,Medium
ST001655,CL0103,2025-09-23 22:31:03,2025-09-24 22:38:51,Documents,High
ST001656,CL0096,2025-09-23 23:14:37,2025-09-27 08:40:01,Other,Low
ST001657,CL0018,2025-09-24 04:57:29,2025-09-25 09:26:37,Payment issue,Low
ST001658,CL0068,2025-09-24 08:43:01,2025-09-24 22:12:06,Account,Medium
ST001659,CL0096,2025-09-24 14:58:27,2025-09-27 20:06:54,Compliance,Low
ST001660,CL0457,2025-09-24 20:30:26,,Other,Medium
ST001661,CL0050,2025-09-24 21:30:27,2025-09-25 10:15:31,Other,High
ST001662,CL0054,2025-09-24 22:16:31,2025-09-25 00:48:40,Other,High
ST001663,CL0406,2025-09-25 00:52:11,2025-09-26 21:12:28,Payment issue,Medium
ST001664,CL0009,2025-09-25 03:57:25,2025-09-26 03:02:49,Payment issue,Medium
ST001665,CL0009,2025-09-25 16:13:37,2025-09-27 14:12:44,Account,Medium
ST001666,CL0169,2025-09-25 17:10:33,2025-09-28 11:51:54,Documents,Low
ST001667,CL0268,2025-09-26 02:19:53,2025-09-30 05:44:38,Other,Low
ST001668,CL0024,2025-09-26 04:40:53,2025-09-27 04:14:58,Other,High
ST001669,CL0501,2025-09-26 12:51:53,2025-09-29 02:01:50,Other,Medium
ST001670,CL0372,2025-09-26 13:00:20,2025-09-28 12:09:02,Compliance,Low
ST001671,CL0410,2025-09-26 13:55:30,2025-09-26 15:02:04,Payment issue,Critical
ST001672,CL0190,2025-09-26 14:21:04,2025-09-27 06:59:37,Account,High
ST001673,CL0472,2025-09-26 20:29:52,2025-09-27 01:12:27,Payment issue,Critical
ST001674,CL0187,2025-09-26 21:19:28,2025-09-28 17:13:31,Compliance,Low
ST001675,CL0337,2025-09-26 22:33:26,2025-09-29 14:31:43,Account,Low
ST001676,CL0172,2025-09-26 23:03:48,2025-09-27 09:41:31,Payment issue,Medium
ST001677,CL0483,2025-09-27 00:22:22,2025-09-30 04:26:41,Technical,Low
ST001678,CL0364,2025-09-27 01:37:27,2025-09-28 02:18:04,Payment issue,Medium
ST001679,CL0455,2025-09-27 04:19:13,2025-09-29 12:49:13,Payment issue,Medium
ST001680,CL0357,2025-09-27 05:07:53,2025-09-30 14:52:14,Other,Low
ST001681,CL0498,2025-09-27 06:43:01,2025-09-29 04:32:18,Compliance,Low
ST001682,CL0372,2025-09-27 07:40:31,2025-09-28 14:13:45,Documents,Low
ST001683,CL0328,2025-09-27 07:44:06,2025-09-28 02:07:05,Compliance,Medium
ST001684,CL0034,2025-09-27 08:43:29,2025-09-27 18:02:35,Technical,Medium
ST001685,CL0475,2025-09-27 09:19:34,,Account,Medium
ST001686,CL0475,2025-09-27 12:02:34,2025-09-28 12:40:12,Payment issue,Low
ST001687,CL0027,2025-09-27 12:07:14,2025-09-29 00:21:32,Documents,Medium
ST001688,CL0423,2025-09-27 12:30:40,2025-09-27 17:45:31,Payment issue,High
ST001689,CL0214,2025-09-27 15:26:42,2025-09-29 21:17:53,Documents,Medium
ST001690,CL0286,2025-09-27 16:48:21,2025-09-28 01:25:43,Account,Medium
ST001691,CL0256,2025-09-27 17:59:26,2025-09-27 19:17:04,Technical,Critical
ST001692,CL0021,2025-09-27 18:20:32,2025-09-28 01:54:47,Technical,High
ST001693,CL0394,2025-09-27 21:18:39,2025-09-30 08:10:08,Payment issue,Medium
ST001694,CL0216,2025-09-27 21:55:42,2025-10-02 11:48:18,Payment issue,Low
ST001695,CL0309,2025-09-27 23:34:55,2025-09-28 14:13:04,Account,Medium
ST001696,CL0455,2025-09-28 00:14:32,2025-09-29 04:34:38,Compliance,Low
ST001697,CL0210,2025-09-28 03:20:03,2025-09-29 23:03:01,Account,Low
ST001698,CL0240,2025-09-28 05:13:06,2025-10-02 14:30:59,Account,Low
ST001699,CL0356,2025-09-28 05:31:56,2025-09-29 12:57:14,Payment issue,Low
ST001700,CL0452,2025-09-28 05:47:16,2025-09-28 21:51:56,Technical,High
ST001701,CL0308,2025-09-28 05:51:26,2025-10-02 11:23:01,Payment issue,Low
ST001702,CL0306,2025-09-28 07:17:19,2025-09-28 17:38:18,Documents,Medium
ST001703,CL0372,2025-09-28 07:48:02,2025-10-01 03:53:16,Payment issue,Medium
ST001704,CL0457,2025-09-28 09:55:05,2025-09-30 11:14:51,Other,Low
ST001705,CL0172,2025-09-28 14:47:11,2025-10-01 23:50:11,Other,Low
ST001706,CL0119,2025-09-28 14:59:02,2025-09-29 03:50:38,Compliance,Medium
ST001707,CL0459,2025-09-28 16:48:42,,Other,Medium
ST001708,CL0380,2025-09-28 18:35:17,2025-09-30 15:16:05,Other,Medium
ST001709,CL0315,2025-09-28 19:22:18,2025-09-30 04:04:10,Payment issue,Medium
ST001710,CL0030,2025-09-28 21:32:14,2025-09-29 08:05:49,Compliance,Medium
ST001711,CL0047,2025-09-28 22:01:21,2025-10-01 14:58:08,Compliance,Medium
ST001712,CL0106,2025-09-28 23:20:58,2025-09-29 10:24:23,Payment issue,Medium
ST001713,CL0481,2025-09-29 00:17:10,2025-09-29 02:36:03,Payment issue,Critical
ST001714,CL0201,2025-09-29 03:13:05,2025-09-30 04:32:37,Documents,High
ST001715,CL0423,2025-09-29 03:56:56,2025-09-29 07:18:35,Payment issue,Critical
ST001716,CL0202,2025-09-29 04:35:52,2025-09-29 20:12:33,Account,Medium
ST001717,CL0347,2025-09-29 06:34:21,2025-10-02 09:51:29,Documents,Low
ST001718,CL0241,2025-09-29 07:55:57,2025-10-01 21:33:47,Other,Low
ST001719,CL0074,2025-09-29 08:08:18,2025-10-04 04:44:06,Payment issue,Low
ST001720,CL0374,2025-09-29 08:22:00,2025-10-02 12:16:34,Technical,Low
ST001721,CL0296,2025-09-29 08:46:11,2025-10-02 08:44:24,Other,Low
ST001722,CL0048,2025-09-29 08:51:35,2025-09-30 03:03:09,Payment issue,High
ST001723,CL0309,2025-09-29 10:05:09,2025-10-01 17:13:45,Compliance,Low
ST001724,CL0055,2025-09-29 13:40:29,2025-09-30 13:40:08,Payment issue,Medium
ST001725,CL0208,2025-09-29 14:41:09,2025-09-30 09:13:22,Documents,Medium
ST001726,CL0187,2025-09-29 15:48:16,2025-09-30 22:03:03,Compliance,Medium
ST001727,CL0440,2025-09-29 17:49:55,2025-09-30 02:54:37,Compliance,Medium
ST001728,CL0070,2025-09-29 20:21:30,2025-10-03 22:59:02,Payment issue,Low
ST001729,CL0481,2025-09-29 20:22:49,2025-10-02 14:13:30,Account,Low
ST001730,CL0055,2025-09-29 20:31:07,2025-10-03 00:25:41,Documents,Low
ST001731,CL0108,2025-09-30 01:47:59,2025-10-01 13:08:32,Other,Medium
ST001732,CL0187,2025-09-30 03:06:47,2025-10-02 15:54:42,Account,Medium
ST001733,CL0256,2025-09-30 05:40:30,2025-10-03 04:29:50,Compliance,Low
ST001734,CL0448,2025-09-30 05:48:08,2025-10-01 06:24:22,Payment issue,Low
ST001735,CL0169,2025-09-30 08:12:58,2025-10-01 14:09:29,Account,Medium
ST001736,CL0315,2025-09-30 08:38:36,2025-10-02 05:03:50,Other,Low
ST001737,CL0042,2025-09-30 09:16:13,2025-10-01 14:50:24,Compliance,Medium
ST001738,CL0254,2025-09-30 10:20:58,2025-10-02 05:47:45,Documents,Medium
ST001739,CL0187,2025-09-30 11:22:22,2025-10-04 12:26:59,Technical,Low
ST001740,CL0481,2025-09-30 11:43:13,2025-10-03 00:59:06,Account,Medium
ST001741,CL0452,2025-09-30 14:30:32,2025-10-03 03:16:33,Technical,Low
ST001742,CL0030,2025-09-30 15:20:59,2025-10-02 11:26:51,Payment issue,Medium
ST001743,CL0452,2025-09-30 16:28:24,2025-10-03 10:15:36,Compliance,Low
ST001744,CL0265,2025-09-30 16:37:54,2025-10-03 04:43:30,Technical,Medium
ST001745,CL0372,2025-09-30 18:55:13,2025-10-01 07:05:19,Compliance,Medium
ST001746,CL0210,2025-09-30 19:17:44,2025-10-01 07:07:00,Compliance,Medium
ST001747,CL0357,2025-09-30 19:19:25,2025-10-03 06:27:18,Documents,Medium
ST001748,CL0498,2025-10-01 10:53:34,2025-10-03 13:19:40,Payment issue,Medium
ST001749,CL0309,2025-10-01 23:33:50,2025-10-05 03:39:28,Documents,Low
ST001750,CL0034,2025-10-02 08:54:23,2025-10-07 05:39:55,Payment issue,Low
ST001751,CL0257,2025-10-02 20:42:56,2025-10-02 23:10:14,Compliance,High
ST001752,CL0301,2025-10-02 21:57:06,2025-10-03 07:25:08,Payment issue,Medium
ST001753,CL0483,2025-10-03 00:17:30,2025-10-03 17:40:56,Payment issue,High
ST001754,CL0338,2025-10-03 06:08:21,2025-10-05 05:32:31,Compliance,Low
ST001755,CL0435,2025-10-03 06:23:03,2025-10-03 13:50:31,Compliance,Critical
ST001756,CL0242,2025-10-03 08:26:45,2025-10-06 04:41:17,Documents,Medium
ST001757,CL0034,2025-10-03 13:56:18,2025-10-04 11:55:54,Technical,High
ST001758,CL0018,2025-10-03 20:19:11,2025-10-03 23:43:34,Technical,High
ST001759,CL0215,2025-10-04 01:13:21,2025-10-06 15:49:17,Account,Medium
ST001760,CL0435,2025-10-04 04:38:34,2025-10-07 03:27:39,Payment issue,Medium
ST001761,CL0190,2025-10-04 05:36:21,2025-10-05 14:49:25,Compliance,Medium
ST001762,CL0108,2025-10-04 07:10:59,2025-10-05 19:47:58,Payment issue,Medium
ST001763,CL0034,2025-10-04 07:40:46,2025-10-05 07:18:22,Payment issue,High
ST001764,CL0449,2025-10-04 11:55:32,2025-10-05 08:53:36,Technical,Medium
ST001765,CL0210,2025-10-04 12:36:27,2025-10-04 21:01:20,Payment issue,High
ST001766,CL0111,2025-10-04 14:20:46,2025-10-06 15:44:43,Technical,Low
ST001767,CL0096,2025-10-04 17:33:53,2025-10-06 23:59:40,Documents,Medium
ST001768,CL0413,2025-10-05 11:26:41,2025-10-08 04:12:28,Other,Medium
ST001769,CL0278,2025-10-05 19:48:53,2025-10-10 02:43:44,Payment issue,Low
ST001770,CL0500,2025-10-07 02:22:16,2025-10-07 10:29:33,Technical,Critical
ST001771,CL0269,2025-10-07 04:01:17,2025-10-07 11:55:26,Payment issue,High
ST001772,CL0413,2025-10-07 20:14:04,2025-10-09 22:37:59,Technical,Low
ST001773,CL0438,2025-10-07 22:39:22,2025-10-09 00:56:03,Compliance,Medium
ST001774,CL0376,2025-10-08 07:50:39,2025-10-08 22:24:54,Payment issue,High
ST001775,CL0301,2025-10-08 08:37:22,,Payment issue,High
ST001776,CL0125,2025-10-08 17:38:03,2025-10-11 19:21:52,Account,Low
ST001777,CL0372,2025-10-09 05:39:28,2025-10-09 11:09:10,Account,High
ST001778,CL0311,2025-10-09 13:02:22,2025-10-11 17:56:22,Documents,Low
ST001779,CL0433,2025-10-09 17:53:10,2025-10-11 22:49:08,Payment issue,Low
ST001780,CL0322,2025-10-10 11:59:57,2025-10-12 00:54:10,Documents,Low
ST001781,CL0449,2025-10-10 20:49:41,2025-10-14 17:24:48,Payment issue,Low
ST001782,CL0432,2025-10-10 23:06:59,2025-10-11 13:14:51,Technical,High
ST001783,CL0426,2025-10-11 01:03:49,2025-10-12 21:44:32,Documents,Low
ST001784,CL0376,2025-10-11 01:09:15,2025-10-12 13:33:13,Technical,Medium
ST001785,CL0128,2025-10-11 02:48:17,2025-10-11 17:28:23,Compliance,Medium
ST001786,CL0210,2025-10-11 12:40:49,2025-10-12 10:19:17,Technical,Medium
ST001787,CL0081,2025-10-11 22:39:07,2025-10-14 11:15:38,Payment issue,Medium
ST001788,CL0193,2025-10-12 04:32:16,2025-10-13 04:18:56,Other,High
ST001789,CL0050,2025-10-12 05:09:34,2025-10-13 08:50:46,Account,Low
ST001790,CL0018,2025-10-12 14:18:49,2025-10-15 04:44:12,Payment issue,Medium
ST001791,CL0419,2025-10-12 14:58:53,2025-10-12 22:06:53,Other,Critical
ST001792,CL0337,2025-10-12 16:36:59,2025-10-15 21:18:58,Documents,Low
ST001793,CL0343,2025-10-13 03:33:03,2025-10-14 20:53:12,Documents,Low
ST001794,CL0493,2025-10-13 03:53:55,2025-10-18 02:18:45,Compliance,Low
ST001795,CL0030,2025-10-13 19:45:58,2025-10-17 05:35:18,Payment issue,Low
ST001796,CL0167,2025-10-13 22:00:29,2025-10-15 02:57:44,Compliance,Low
ST001797,CL0181,2025-10-13 23:20:57,2025-10-15 12:31:30,Other,Low
ST001798,CL0229,2025-10-14 00:39:01,2025-10-14 20:51:21,Payment issue,Medium
ST001799,CL0181,2025-10-14 02:09:05,2025-10-16 07:31:39,Documents,Medium
ST001800,CL0361,2025-10-14 03:42:00,2025-10-14 20:13:09,Account,Medium
ST001801,CL0333,2025-10-14 04:47:52,2025-10-16 20:41:50,Account,Medium
ST001802,CL0389,2025-10-14 11:02:49,2025-10-15 12:50:38,Payment issue,High
ST001803,CL0480,2025-10-14 11:09:29,2025-10-15 04:49:15,Account,Medium
ST001804,CL0119,2025-10-14 16:28:28,2025-10-15 01:59:08,Other,High
ST001805,CL0296,2025-10-14 20:56:04,2025-10-16 21:33:20,Documents,Low
ST001806,CL0189,2025-10-14 21:48:24,2025-10-19 20:31:33,Account,Low
ST001807,CL0483,2025-10-15 05:37:33,2025-10-17 09:36:44,Documents,Low
ST001808,CL0374,2025-10-15 08:42:24,2025-10-15 19:22:20,Account,Medium
ST001809,CL0134,2025-10-15 14:47:41,2025-10-20 14:06:37,Documents,Low
ST001810,CL0043,2025-10-15 14:47:58,2025-10-17 08:55:49,Other,Low
ST001811,CL0374,2025-10-16 00:52:43,2025-10-17 22:53:11,Documents,Low
ST001812,CL0461,2025-10-16 09:14:09,2025-10-18 07:20:14,Documents,Low
ST001813,CL0438,2025-10-16 10:36:27,2025-10-17 14:40:02,Other,Low
ST001814,CL0306,2025-10-16 10:50:08,2025-10-17 02:22:31,Payment issue,High
ST001815,CL0257,2025-10-16 12:36:41,2025-10-17 18:02:01,Technical,Medium
ST001816,CL0300,2025-10-16 16:35:19,2025-10-16 22:30:28,Compliance,Critical
ST001817,CL0376,2025-10-16 18:21:45,2025-10-16 21:20:52,Documents,Critical
ST001818,CL0220,2025-10-17 00:58:05,2025-10-17 11:11:10,Documents,Medium
ST001819,CL0128,2025-10-17 01:54:36,2025-10-17 07:22:37,Technical,High
ST001820,CL0457,2025-10-17 03:29:32,2025-10-19 00:04:46,Compliance,Medium
ST001821,CL0441,2025-10-17 08:51:55,2025-10-19 18:52:16,Account,Low
ST001822,CL0435,2025-10-17 09:14:06,2025-10-18 15:05:16,Compliance,Medium
ST001823,CL0071,2025-10-17 18:14:56,2025-10-20 09:47:55,Payment issue,Medium
ST001824,CL0309,2025-10-17 20:18:53,2025-10-18 03:20:26,Other,High
ST001825,CL0480,2025-10-17 21:42:06,2025-10-18 18:28:52,Payment issue,High
ST001826,CL0425,2025-10-17 22:54:18,2025-10-18 04:38:15,Payment issue,Critical
ST001827,CL0249,2025-10-18 00:01:45,2025-10-21 12:59:07,Compliance,Low
ST001828,CL0413,2025-10-18 02:27:33,2025-10-19 17:05:54,Payment issue,Medium
ST001829,CL0474,2025-10-18 02:41:56,2025-10-18 08:53:29,Payment issue,Critical
ST001830,CL0376,2025-10-18 03:24:33,2025-10-18 07:11:07,Technical,High
ST001831,CL0034,2025-10-18 05:30:08,2025-10-20 05:30:45,Payment issue,Low
ST001832,CL0042,2025-10-18 07:15:17,2025-10-18 14:09:30,Payment issue,Critical
ST001833,CL0500,2025-10-18 10:58:03,2025-10-21 07:25:46,Payment issue,Medium
ST001834,CL0376,2025-10-18 12:06:20,2025-10-18 20:46:56,Payment issue,Critical
ST001835,CL0498,2025-10-18 20:20:12,2025-10-19 13:35:39,Payment issue,High
ST001836,CL0474,2025-10-18 23:02:12,2025-10-20 19:02:52,Payment issue,Medium
ST001837,CL0233,2025-10-19 02:08:52,2025-10-19 06:49:49,Other,High
ST001838,CL0242,2025-10-19 04:37:01,2025-10-20 15:44:20,Payment issue,Medium
ST001839,CL0338,2025-10-19 06:30:42,2025-10-21 19:46:05,Payment issue,Low
ST001840,CL0167,2025-10-19 09:30:18,2025-10-24 08:47:07,Documents,Low
ST001841,CL0419,2025-10-19 12:26:22,2025-10-19 20:47:26,Compliance,High
ST001842,CL0215,2025-10-19 14:55:53,2025-10-20 17:37:50,Payment issue,Medium
ST001843,CL0027,2025-10-19 15:33:58,2025-10-23 19:43:03,Documents,Low
ST001844,CL0044,2025-10-19 22:01:23,2025-10-22 04:13:50,Account,Low
ST001845,CL0231,2025-10-20 04:57:39,2025-10-20 18:00:00,Payment issue,High
ST001846,CL0359,2025-10-20 06:30:05,2025-10-20 16:13:41,Payment issue,Medium
ST001847,CL0389,2025-10-20 06:46:03,2025-10-21 08:25:01,Documents,Low
ST001848,CL0473,2025-10-20 15:05:20,2025-10-22 16:46:03,Documents,Medium
ST001849,CL0325,2025-10-21 01:07:15,2025-10-22 16:33:51,Documents,Low
ST001850,CL0078,2025-10-21 07:11:27,2025-10-24 18:00:40,Technical,Low
ST001851,CL0309,2025-10-21 16:42:47,2025-10-25 13:42:49,Payment issue,Low
ST001852,CL0372,2025-10-22 05:50:17,2025-10-26 14:48:19,Documents,Low
ST001853,CL0483,2025-10-22 06:37:32,2025-10-25 00:59:08,Technical,Medium
ST001854,CL0419,2025-10-22 12:38:19,2025-10-23 07:13:49,Documents,High
ST001855,CL0480,2025-10-22 15:01:06,2025-10-23 17:31:59,Payment issue,Low
ST001856,CL0284,2025-10-22 18:27:50,2025-10-23 12:55:15,Payment issue,Medium
ST001857,CL0190,2025-10-22 19:32:48,2025-10-23 23:32:51,Technical,Low
ST001858,CL0035,2025-10-23 01:01:15,2025-10-23 18:21:19,Documents,Medium
ST001859,CL0112,2025-10-23 15:18:28,2025-10-24 15:32:16,Payment issue,Low
ST001860,CL0459,2025-10-23 17:31:55,2025-10-26 17:03:38,Compliance,Low
ST001861,CL0034,2025-10-23 17:49:32,2025-10-26 20:29:05,Technical,Low
ST001862,CL0119,2025-10-23 20:47:52,2025-10-24 18:21:57,Documents,High
ST001863,CL0030,2025-10-23 22:38:31,2025-10-24 16:55:59,Payment issue,Medium
ST001864,CL0109,2025-10-24 02:18:40,2025-10-26 12:59:26,Technical,Medium
ST001865,CL0419,2025-10-24 08:02:05,2025-10-28 09:43:52,Technical,Low
ST001866,CL0074,2025-10-24 11:46:25,2025-10-25 17:17:26,Documents,Medium
ST001867,CL0071,2025-10-24 18:10:44,2025-10-26 13:16:58,Payment issue,Medium
ST001868,CL0493,2025-10-24 20:59:56,2025-10-26 09:24:46,Compliance,Medium
ST001869,CL0319,2025-10-25 00:30:24,2025-10-27 22:34:25,Compliance,Medium
ST001870,CL0440,2025-10-25 00:33:57,2025-10-25 18:10:20,Technical,High
ST001871,CL0448,2025-10-25 01:53:48,2025-10-27 18:51:21,Payment issue,Medium
ST001872,CL0055,2025-10-25 09:17:20,2025-10-27 06:14:14,Documents,Low
ST001873,CL0055,2025-10-25 09:24:47,2025-10-29 16:52:55,Payment issue,Low
ST001874,CL0202,2025-10-25 11:21:23,2025-10-25 21:20:42,Account,Medium
ST001875,CL0117,2025-10-25 13:31:56,2025-10-25 19:55:31,Payment issue,High
ST001876,CL0481,2025-10-25 14:01:46,2025-10-27 05:51:42,Technical,Medium
ST001877,CL0187,2025-10-25 14:28:05,2025-10-27 05:35:56,Account,Low
ST001878,CL0356,2025-10-25 16:32:25,2025-10-26 00:23:10,Payment issue,Critical
ST001879,CL0167,2025-10-26 01:10:54,2025-10-27 10:54:07,Other,Medium
ST001880,CL0163,2025-10-26 01:28:18,2025-10-27 23:16:16,Other,Low
ST001881,CL0033,2025-10-26 02:02:20,2025-10-26 20:21:41,Payment issue,High
ST001882,CL0202,2025-10-26 03:27:35,2025-10-29 00:36:08,Other,Low
ST001883,CL0401,2025-10-26 04:30:38,2025-10-27 07:49:29,Other,Low
ST001884,CL0308,2025-10-26 07:17:07,2025-10-27 13:31:13,Account,Medium
ST001885,CL0383,2025-10-26 11:38:23,2025-10-29 16:52:53,Documents,Low
ST001886,CL0474,2025-10-26 13:13:48,2025-10-26 19:13:07,Payment issue,Critical
ST001887,CL0035,2025-10-26 14:37:43,2025-10-28 17:55:17,Account,Medium
ST001888,CL0055,2025-10-26 16:40:26,2025-10-31 04:40:08,Payment issue,Low
ST001889,CL0190,2025-10-26 20:37:15,2025-10-31 03:39:06,Payment issue,Low
ST001890,CL0461,2025-10-26 22:00:38,2025-10-27 16:32:23,Account,Medium
ST001891,CL0315,2025-10-26 23:13:59,2025-10-28 03:02:30,Documents,Medium
ST001892,CL0308,2025-10-27 03:28:24,2025-10-27 11:13:17,Payment issue,Critical
ST001893,CL0319,2025-10-27 03:59:29,2025-10-29 06:15:55,Documents,Low
ST001894,CL0055,2025-10-27 04:21:32,2025-10-27 20:37:58,Account,High
ST001895,CL0279,2025-10-27 05:18:00,2025-10-29 23:14:39,Compliance,Medium
ST001896,CL0482,2025-10-27 07:20:42,2025-10-27 13:03:20,Documents,High
ST001897,CL0187,2025-10-27 07:59:57,2025-10-27 23:03:29,Compliance,High
ST001898,CL0347,2025-10-27 09:04:54,2025-10-31 00:19:47,Payment issue,Low
ST001899,CL0048,2025-10-27 11:25:58,2025-10-28 07:01:52,Documents,Medium
ST001900,CL0455,2025-10-27 12:12:13,2025-10-30 22:46:44,Documents,Low
ST001901,CL0050,2025-10-27 12:22:14,2025-10-29 11:40:28,Documents,Low
ST001902,CL0319,2025-10-27 14:21:12,2025-10-30 09:35:51,Account,Low
ST001903,CL0074,2025-10-27 16:38:22,2025-10-29 10:55:08,Account,Medium
ST001904,CL0181,2025-10-27 17:58:04,2025-11-01 04:25:07,Documents,Low
ST001905,CL0035,2025-10-27 18:24:18,2025-10-31 17:26:52,Compliance,Low
ST001906,CL0506,2025-10-27 23:05:34,2025-10-28 16:57:47,Payment issue,Medium
ST001907,CL0295,2025-10-28 00:23:44,2025-10-28 22:43:15,Payment issue,High
ST001908,CL0035,2025-10-28 01:15:32,2025-10-29 22:23:18,Other,Medium
ST001909,CL0416,2025-10-28 01:26:27,2025-10-31 11:58:16,Documents,Low
ST001910,CL0458,2025-10-28 04:45:07,2025-10-29 11:03:40,Account,Medium
ST001911,CL0126,2025-10-28 06:58:35,2025-10-28 22:36:44,Account,High
ST001912,CL0389,2025-10-28 10:49:34,2025-11-01 03:27:26,Payment issue,Low
ST001913,CL0202,2025-10-28 12:33:45,2025-10-30 20:29:08,Compliance,Medium
ST001914,CL0109,2025-10-28 19:41:39,2025-10-29 18:30:14,Account,Medium
ST001915,CL0202,2025-10-28 21:46:01,2025-10-31 08:01:44,Technical,Medium
ST001916,CL0458,2025-10-28 23:45:22,2025-10-30 12:27:50,Documents,Low
ST001917,CL0035,2025-10-29 04:52:36,2025-10-30 04:21:20,Account,High
ST001918,CL0193,2025-10-29 06:52:30,2025-10-31 02:33:11,Payment issue,Low
ST001919,CL0162,2025-10-29 07:33:08,2025-10-30 03:53:04,Technical,High
ST001920,CL0484,2025-10-29 07:37:24,2025-10-29 19:21:46,Payment issue,High
ST001921,CL0242,2025-10-29 08:06:10,2025-11-03 07:46:02,Other,Low
ST001922,CL0380,2025-10-29 08:06:19,2025-10-30 22:28:10,Payment issue,Medium
ST001923,CL0202,2025-10-29 11:02:06,2025-10-30 01:51:57,Technical,Medium
ST001924,CL0035,2025-10-29 13:25:48,2025-10-30 10:21:24,Account,Medium
ST001925,CL0296,2025-10-29 14:31:24,2025-10-31 11:46:11,Documents,Low
ST001926,CL0476,2025-10-29 14:35:37,2025-10-30 07:12:04,Documents,High
ST001927,CL0012,2025-10-29 14:49:55,2025-11-03 14:39:54,Account,Low
ST001928,CL0452,2025-10-29 15:09:32,2025-10-30 15:10:19,Technical,High
ST001929,CL0315,2025-10-29 16:15:48,2025-10-31 06:08:50,Compliance,Medium
ST001930,CL0044,2025-10-29 18:22:57,2025-11-01 14:56:42,Account,Medium
ST001931,CL0117,2025-10-29 18:27:51,2025-10-30 19:21:46,Compliance,High
ST001932,CL0059,2025-10-29 21:02:50,2025-11-03 15:06:04,Other,Low
ST001933,CL0052,2025-10-29 21:11:15,2025-11-01 09:13:40,Documents,Medium
ST001934,CL0048,2025-10-29 21:22:10,2025-11-03 09:11:41,Payment issue,Low
ST001935,CL0126,2025-10-29 21:50:49,2025-10-30 03:22:22,Payment issue,Critical
ST001936,CL0240,2025-10-29 21:56:31,2025-10-31 10:30:38,Documents,Medium
ST001937,CL0125,2025-10-29 21:57:17,2025-11-03 02:37:14,Documents,Low
ST001938,CL0452,2025-10-29 22:53:30,2025-10-30 07:23:18,Account,Medium
ST001939,CL0315,2025-10-30 00:27:47,2025-11-01 11:09:56,Documents,Low
ST001940,CL0371,2025-10-30 00:30:21,,Documents,Critical
ST001941,CL0458,2025-10-30 02:10:22,2025-11-01 03:43:43,Payment issue,Low
ST001942,CL0383,2025-10-30 02:24:23,2025-10-31 11:11:13,Payment issue,Medium
ST001943,CL0135,2025-10-30 02:47:11,2025-11-03 20:12:01,Compliance,Low
ST001944,CL0135,2025-10-30 05:56:46,2025-10-31 10:01:15,Compliance,Low
ST001945,CL0077,2025-10-30 07:33:42,2025-10-31 18:46:33,Account,Low
ST001946,CL0208,2025-10-30 08:11:50,2025-10-31 05:04:48,Payment issue,High
ST001947,CL0486,2025-10-30 08:55:07,2025-11-02 03:33:31,Documents,Medium
ST001948,CL0416,2025-10-30 09:32:32,2025-11-02 02:30:16,Documents,Medium
ST001949,CL0369,2025-10-30 11:01:06,2025-10-31 11:03:06,Technical,High
ST001950,CL0458,2025-10-30 11:09:22,2025-10-30 17:55:29,Payment issue,High
ST001951,CL0126,2025-10-30 12:50:22,2025-11-02 02:43:24,Documents,Medium
ST001952,CL0346,2025-10-30 13:44:31,2025-10-30 16:29:11,Documents,Critical
ST001953,CL0012,2025-10-30 14:18:46,2025-11-01 05:51:53,Technical,Low
ST001954,CL0111,2025-10-30 15:30:08,2025-10-31 06:08:46,Technical,Medium
ST001955,CL0324,2025-10-30 16:54:52,2025-11-04 03:43:23,Payment issue,Low
ST001956,CL0012,2025-10-30 18:12:06,2025-10-30 19:46:41,Account,Critical
ST001957,CL0048,2025-10-30 21:17:32,2025-10-31 13:04:16,Other,Medium
ST001958,CL0012,2025-10-31 02:09:24,2025-11-01 01:03:05,Technical,High
ST001959,CL0452,2025-10-31 03:06:52,2025-11-02 11:16:10,Payment issue,Medium
ST001960,CL0081,2025-10-31 04:44:25,2025-11-01 08:20:28,Payment issue,Medium
ST001961,CL0208,2025-10-31 05:48:25,2025-11-02 13:27:21,Payment issue,Medium
ST001962,CL0408,2025-10-31 06:55:22,2025-11-03 08:56:03,Documents,Low
ST001963,CL0408,2025-10-31 07:54:39,2025-10-31 23:52:29,Documents,High
ST001964,CL0408,2025-10-31 09:14:42,2025-11-02 14:53:07,Compliance,Low
ST001965,CL0447,2025-10-31 09:41:28,2025-11-01 08:29:14,Payment issue,Medium
ST001966,CL0194,2025-10-31 10:12:22,2025-11-01 03:38:58,Documents,High
ST001967,CL0408,2025-10-31 10:20:20,2025-11-02 03:46:38,Compliance,Medium
ST001968,CL0208,2025-10-31 10:40:37,2025-11-03 21:53:32,Payment issue,Low
ST001969,CL0272,2025-10-31 11:09:33,2025-11-02 19:09:08,Documents,Medium
ST001970,CL0408,2025-10-31 11:11:12,2025-11-02 14:50:38,Payment issue,Medium
ST001971,CL0030,2025-10-31 11:20:03,2025-11-01 17:49:16,Documents,Medium
ST001972,CL0449,2025-10-31 13:09:28,2025-11-04 14:25:34,Compliance,Low
ST001973,CL0447,2025-10-31 13:28:50,2025-11-01 13:45:25,Technical,Medium
ST001974,CL0408,2025-10-31 14:07:48,2025-10-31 17:47:13,Compliance,High
ST001975,CL0383,2025-10-31 14:13:44,2025-11-02 14:57:12,Payment issue,Medium
ST001976,CL0408,2025-10-31 14:42:36,2025-11-03 11:19:46,Documents,Low
ST001977,CL0466,2025-10-31 15:43:48,2025-11-04 19:49:38,Compliance,Low
ST001978,CL0447,2025-10-31 17:25:31,2025-11-05 04:42:28,Documents,Low
ST001979,CL0408,2025-10-31 19:56:56,2025-11-03 14:16:48,Other,Medium
ST001980,CL0187,2025-11-01 00:20:56,2025-11-02 02:55:27,Payment issue,Medium
ST001981,CL0281,2025-11-01 13:03:15,2025-11-01 20:15:58,Payment issue,High
ST001982,CL0438,2025-11-01 15:43:16,2025-11-01 17:43:19,Technical,Critical
ST001983,CL0231,2025-11-01 17:48:14,2025-11-04 02:48:32,Compliance,Medium
ST001984,CL0473,2025-11-02 00:43:43,2025-11-04 16:33:29,Documents,Low
ST001985,CL0128,2025-11-02 05:33:55,2025-11-05 01:17:53,Other,Low
ST001986,CL0269,2025-11-02 06:56:37,2025-11-03 11:01:36,Account,Medium
ST001987,CL0054,2025-11-02 07:10:47,2025-11-05 12:58:22,Other,Low
ST001988,CL0301,2025-11-02 07:43:24,,Payment issue,High
ST001989,CL0193,2025-11-02 20:06:07,2025-11-04 04:07:51,Technical,Low
ST001990,CL0200,2025-11-02 23:35:05,2025-11-04 21:27:50,Payment issue,Medium
ST001991,CL0498,2025-11-03 02:03:37,2025-11-06 00:11:38,Payment issue,Medium
ST001992,CL0500,2025-11-03 06:00:04,2025-11-04 20:40:36,Compliance,Low
ST001993,CL0461,2025-11-03 07:50:23,2025-11-05 22:05:50,Payment issue,Medium
ST001994,CL0119,2025-11-03 07:59:23,2025-11-06 19:13:10,Account,Low
ST001995,CL0376,2025-11-03 11:38:16,2025-11-05 00:09:23,Payment issue,Medium
ST001996,CL0021,2025-11-03 11:54:24,2025-11-04 02:40:15,Technical,Medium
ST001997,CL0413,2025-11-03 12:29:18,2025-11-03 16:09:16,Technical,High
ST001998,CL0301,2025-11-03 17:49:15,2025-11-04 12:26:43,Payment issue,High
ST001999,CL0457,2025-11-03 22:11:38,2025-11-04 02:27:00,Technical,Critical
ST002000,CL0483,2025-11-03 23:23:47,2025-11-04 13:31:48,Payment issue,High
ST002001,CL0359,2025-11-03 23:56:58,2025-11-05 22:50:41,Payment issue,Medium
ST002002,CL0309,2025-11-04 01:05:49,2025-11-05 04:51:03,Documents,Medium
ST002003,CL0413,2025-11-04 08:28:42,2025-11-05 01:57:59,Payment issue,High
ST002004,CL0432,2025-11-04 10:06:42,2025-11-06 22:45:43,Payment issue,Medium
ST002005,CL0498,2025-11-04 12:20:55,2025-11-05 11:22:57,Payment issue,High
ST002006,CL0498,2025-11-04 19:47:58,2025-11-06 06:58:17,Payment issue,Medium
ST002007,CL0306,2025-11-05 09:04:59,2025-11-06 11:38:49,Payment issue,Low
ST002008,CL0498,2025-11-05 16:36:43,,Account,Low
ST002009,CL0375,2025-11-05 22:25:50,2025-11-07 16:24:42,Account,Medium
ST002010,CL0453,2025-11-06 02:22:45,2025-11-06 07:27:03,Payment issue,Critical
ST002011,CL0051,2025-11-06 03:05:38,2025-11-06 19:52:50,Technical,High
ST002012,CL0054,2025-11-06 04:53:31,2025-11-07 14:41:11,Payment issue,Medium
ST002013,CL0483,2025-11-06 05:02:16,2025-11-08 14:57:26,Technical,Medium
ST002014,CL0273,2025-11-06 07:12:54,2025-11-10 11:41:32,Documents,Low
ST002015,CL0309,2025-11-06 16:55:32,2025-11-10 18:44:48,Account,Low
ST002016,CL0474,2025-11-07 07:47:39,2025-11-12 01:15:29,Documents,Low
ST002017,CL0323,2025-11-07 07:52:17,2025-11-11 09:16:55,Compliance,Low
ST002018,CL0459,2025-11-07 09:08:14,2025-11-11 02:24:17,Payment issue,Low
ST002019,CL0040,2025-11-07 13:59:16,2025-11-08 06:50:38,Payment issue,High
ST002020,CL0289,2025-11-07 18:35:52,2025-11-09 01:45:37,Compliance,Medium
ST002021,CL0235,2025-11-07 20:08:16,2025-11-11 19:05:54,Payment issue,Low
ST002022,CL0489,2025-11-07 21:47:55,2025-11-08 05:20:35,Other,High
ST002023,CL0101,2025-11-07 22:20:48,2025-11-08 00:48:43,Other,High
ST002024,CL0296,2025-11-07 22:25:18,2025-11-08 17:55:24,Technical,High
ST002025,CL0220,2025-11-07 22:35:10,2025-11-11 09:51:16,Compliance,Low
ST002026,CL0246,2025-11-08 02:59:34,2025-11-11 14:43:02,Technical,Low
ST002027,CL0506,2025-11-08 05:00:22,,Compliance,Low
ST002028,CL0035,2025-11-08 05:54:50,2025-11-08 20:34:38,Compliance,High
ST002029,CL0474,2025-11-08 10:58:21,2025-11-09 22:03:13,Payment issue,Medium
ST002030,CL0457,2025-11-08 23:08:03,2025-11-13 11:49:51,Technical,Low
ST002031,CL0306,2025-11-08 23:37:31,2025-11-11 07:01:10,Technical,Medium
ST002032,CL0292,2025-11-09 00:37:47,2025-11-09 22:55:53,Documents,Medium
ST002033,CL0112,2025-11-09 08:32:35,2025-11-11 12:08:02,Technical,Medium
ST002034,CL0387,2025-11-09 09:16:04,2025-11-10 21:39:59,Compliance,Medium
ST002035,CL0215,2025-11-09 13:39:20,2025-11-13 18:43:41,Account,Low
ST002036,CL0143,2025-11-09 19:19:45,2025-11-13 22:06:34,Compliance,Low
ST002037,CL0506,2025-11-09 21:10:14,2025-11-11 15:39:01,Account,Low
ST002038,CL0040,2025-11-09 21:19:11,2025-11-10 01:19:37,Payment issue,Critical
ST002039,CL0464,2025-11-09 22:25:06,2025-11-10 00:26:55,Payment issue,Critical
ST002040,CL0464,2025-11-10 01:16:51,2025-11-14 14:37:58,Other,Low
ST002041,CL0120,2025-11-10 12:39:50,2025-11-14 18:36:19,Other,Low
ST002042,CL0128,2025-11-10 19:11:59,2025-11-10 20:55:53,Payment issue,Critical
ST002043,CL0272,2025-11-10 21:33:40,2025-11-10 23:16:51,Technical,Critical
ST002044,CL0182,2025-11-11 03:33:46,2025-11-14 03:22:21,Payment issue,Low
ST002045,CL0441,2025-11-11 04:16:04,2025-11-13 15:13:36,Technical,Low
ST002046,CL0215,2025-11-11 08:27:10,2025-11-14 06:23:23,Documents,Medium
ST002047,CL0259,2025-11-11 08:54:41,2025-11-14 01:58:33,Other,Medium
ST002048,CL0022,2025-11-11 13:11:11,2025-11-12 05:39:23,Payment issue,Medium
ST002049,CL0035,2025-11-11 19:28:08,,Account,High
ST002050,CL0506,2025-11-12 00:24:34,2025-11-12 23:19:46,Compliance,Medium
ST002051,CL0309,2025-11-12 01:27:16,2025-11-14 12:38:15,Account,Low
ST002052,CL0323,2025-11-12 17:43:48,2025-11-12 20:53:13,Documents,High
ST002053,CL0284,2025-11-12 19:03:35,2025-11-14 00:43:11,Payment issue,Medium
ST002054,CL0413,2025-11-13 03:05:09,2025-11-16 07:44:52,Compliance,Low
ST002055,CL0329,2025-11-13 03:40:25,2025-11-14 12:09:18,Technical,Low
ST002056,CL0281,2025-11-13 11:54:58,2025-11-13 18:58:22,Technical,High
ST002057,CL0050,2025-11-13 19:56:13,2025-11-18 01:34:25,Technical,Low
ST002058,CL0474,2025-11-14 10:31:49,2025-11-14 19:15:25,Technical,High
ST002059,CL0096,2025-11-14 11:16:52,2025-11-17 20:45:42,Compliance,Low
ST002060,CL0233,2025-11-14 11:44:40,2025-11-17 14:01:01,Technical,Low
ST002061,CL0138,2025-11-14 12:10:09,2025-11-14 14:28:02,Documents,High
ST002062,CL0328,2025-11-14 12:42:12,2025-11-17 03:44:43,Payment issue,Low
ST002063,CL0253,2025-11-14 13:56:21,2025-11-15 13:28:26,Compliance,Medium
ST002064,CL0119,2025-11-14 15:21:07,2025-11-19 03:48:35,Account,Low
ST002065,CL0324,2025-11-14 16:49:29,2025-11-16 23:25:33,Technical,Medium
ST002066,CL0311,2025-11-14 17:09:19,2025-11-15 17:50:48,Payment issue,High
ST002067,CL0453,2025-11-14 23:31:14,2025-11-16 09:33:20,Payment issue,Medium
ST002068,CL0269,2025-11-15 00:21:47,2025-11-15 08:20:58,Documents,Critical
ST002069,CL0051,2025-11-15 00:49:55,2025-11-15 11:33:00,Payment issue,High
ST002070,CL0447,2025-11-15 03:25:00,2025-11-15 06:39:19,Documents,High
ST002071,CL0246,2025-11-15 03:50:31,2025-11-15 11:22:05,Other,Critical
ST002072,CL0343,2025-11-15 04:35:41,2025-11-15 14:31:20,Technical,High
ST002073,CL0292,2025-11-15 05:12:39,2025-11-16 17:33:17,Payment issue,Medium
ST002074,CL0125,2025-11-15 09:02:15,2025-11-15 18:37:15,Payment issue,Medium
ST002075,CL0352,2025-11-15 12:24:20,2025-11-16 03:32:46,Compliance,Medium
ST002076,CL0224,2025-11-15 12:55:42,2025-11-18 21:25:23,Other,Low
ST002077,CL0192,2025-11-15 16:34:14,2025-11-15 19:37:39,Account,High
ST002078,CL0098,2025-11-15 20:38:13,2025-11-16 16:04:32,Compliance,High
ST002079,CL0101,2025-11-16 03:06:01,2025-11-19 20:49:52,Payment issue,Low
ST002080,CL0220,2025-11-16 05:52:53,2025-11-20 00:39:57,Other,Low
ST002081,CL0466,2025-11-16 06:24:36,2025-11-19 03:52:12,Payment issue,Medium
ST002082,CL0466,2025-11-16 09:22:31,2025-11-19 04:48:28,Account,Medium
ST002083,CL0463,2025-11-16 15:38:56,2025-11-21 04:40:31,Compliance,Low
ST002084,CL0472,2025-11-16 16:35:14,2025-11-20 20:50:32,Payment issue,Low
ST002085,CL0050,2025-11-16 17:05:44,2025-11-17 21:28:58,Account,Low
ST002086,CL0027,2025-11-16 17:31:04,2025-11-19 02:59:43,Payment issue,Medium
ST002087,CL0138,2025-11-16 22:16:38,2025-11-19 13:29:40,Compliance,Medium
ST002088,CL0372,2025-11-17 06:33:10,2025-11-19 01:11:02,Payment issue,Low
ST002089,CL0138,2025-11-17 06:48:02,2025-11-17 23:46:50,Payment issue,Medium
ST002090,CL0309,2025-11-17 12:23:52,2025-11-17 21:57:52,Compliance,High
ST002091,CL0474,2025-11-17 12:34:51,2025-11-18 09:50:03,Payment issue,Medium
ST002092,CL0098,2025-11-17 17:47:22,2025-11-22 05:32:48,Other,Low
ST002093,CL0215,2025-11-17 18:03:14,2025-11-18 08:33:03,Technical,Medium
ST002094,CL0336,2025-11-17 18:33:34,2025-11-18 06:41:05,Payment issue,Medium
ST002095,CL0022,2025-11-17 23:49:55,2025-11-18 11:42:42,Other,High
ST002096,CL0406,2025-11-18 00:17:01,2025-11-18 22:57:58,Payment issue,High
ST002097,CL0493,2025-11-18 00:58:22,2025-11-18 22:46:11,Account,High
ST002098,CL0463,2025-11-18 01:50:40,2025-11-18 17:24:23,Technical,Medium
ST002099,CL0054,2025-11-18 08:40:45,2025-11-20 05:49:00,Documents,Low
ST002100,CL0474,2025-11-18 10:17:15,2025-11-21 09:39:30,Documents,Low
ST002101,CL0058,2025-11-18 16:05:54,2025-11-20 23:11:58,Account,Medium
ST002102,CL0391,2025-11-18 19:54:03,2025-11-19 13:20:18,Documents,Medium
ST002103,CL0336,2025-11-19 04:57:42,2025-11-20 06:07:28,Documents,Low
ST002104,CL0375,2025-11-19 13:24:16,2025-11-20 01:04:36,Payment issue,High
ST002105,CL0374,2025-11-19 14:48:35,2025-11-21 04:49:25,Documents,Medium
ST002106,CL0301,2025-11-19 17:55:22,,Payment issue,Medium
ST002107,CL0101,2025-11-19 19:43:21,2025-11-20 08:54:21,Account,High
ST002108,CL0438,2025-11-19 22:31:01,2025-11-21 07:55:03,Documents,Medium
ST002109,CL0431,2025-11-20 00:38:27,2025-11-20 03:15:26,Payment issue,Critical
ST002110,CL0042,2025-11-20 04:21:07,2025-11-20 21:41:23,Payment issue,High
ST002111,CL0018,2025-11-20 22:00:10,2025-11-22 08:00:31,Compliance,Medium
ST002112,CL0009,2025-11-21 04:14:43,2025-11-23 14:43:33,Payment issue,Medium
ST002113,CL0030,2025-11-21 05:34:13,2025-11-25 05:26:37,Payment issue,Low
ST002114,CL0474,2025-11-21 16:08:37,2025-11-21 23:32:52,Payment issue,Critical
ST002115,CL0211,2025-11-21 17:22:12,2025-11-22 09:48:27,Payment issue,Medium
ST002116,CL0071,2025-11-21 22:04:31,2025-11-24 16:30:17,Payment issue,Low
ST002117,CL0463,2025-11-22 03:14:39,2025-11-24 20:00:08,Payment issue,Medium
ST002118,CL0430,2025-11-22 03:34:31,2025-11-25 20:02:14,Payment issue,Low
ST002119,CL0264,2025-11-22 03:35:23,2025-11-23 15:34:48,Technical,Medium
ST002120,CL0487,2025-11-22 07:21:31,2025-11-25 12:46:08,Other,Low
ST002121,CL0409,2025-11-22 08:09:11,2025-11-22 23:02:31,Account,Medium
ST002122,CL0223,2025-11-22 13:49:25,2025-11-23 14:37:42,Other,Medium
ST002123,CL0461,2025-11-23 05:17:36,2025-11-24 05:05:00,Payment issue,High
ST002124,CL0303,2025-11-23 08:59:30,2025-11-24 11:16:19,Other,Medium
ST002125,CL0461,2025-11-23 09:42:58,2025-11-23 16:35:35,Account,High
ST002126,CL0004,2025-11-23 13:11:08,,Account,Medium
ST002127,CL0098,2025-11-23 14:37:19,2025-11-24 06:37:57,Documents,High
ST002128,CL0413,2025-11-23 22:53:54,2025-11-25 05:08:18,Payment issue,Medium
ST002129,CL0020,2025-11-24 03:55:38,2025-11-26 22:32:31,Compliance,Medium
ST002130,CL0205,2025-11-24 04:14:30,2025-11-27 00:23:50,Documents,Low
ST002131,CL0329,2025-11-24 06:26:17,2025-11-26 16:21:14,Payment issue,Medium
ST002132,CL0406,2025-11-24 07:45:09,2025-11-26 11:25:56,Technical,Low
ST002133,CL0430,2025-11-24 07:46:27,2025-11-24 15:35:01,Payment issue,High
ST002134,CL0150,2025-11-24 09:51:57,2025-11-24 20:42:52,Compliance,High
ST002135,CL0030,2025-11-24 16:29:17,2025-11-25 12:21:33,Account,High
ST002136,CL0487,2025-11-24 17:14:27,2025-11-28 12:25:41,Payment issue,Low
ST002137,CL0264,2025-11-24 18:06:55,2025-11-28 21:40:02,Account,Low
ST002138,CL0298,2025-11-24 19:21:50,2025-11-24 23:36:09,Technical,High
ST002139,CL0298,2025-11-24 19:44:53,2025-11-28 07:32:48,Payment issue,Low
ST002140,CL0058,2025-11-25 00:07:30,2025-11-27 22:37:47,Payment issue,Medium
ST002141,CL0324,2025-11-25 03:50:19,2025-11-27 09:33:28,Technical,Medium
ST002142,CL0059,2025-11-25 05:40:31,2025-11-25 20:07:58,Payment issue,Medium
ST002143,CL0059,2025-11-25 10:12:46,2025-11-29 06:56:36,Compliance,Low
ST002144,CL0455,2025-11-25 11:38:05,2025-11-28 00:46:12,Technical,Medium
ST002145,CL0009,2025-11-25 13:40:51,2025-11-30 02:03:24,Documents,Low
ST002146,CL0380,2025-11-25 19:13:47,2025-11-26 00:48:09,Payment issue,High
ST002147,CL0474,2025-11-25 19:28:22,2025-11-28 05:48:42,Other,Medium
ST002148,CL0035,2025-11-25 19:45:13,2025-11-28 13:40:09,Payment issue,Medium
ST002149,CL0042,2025-11-25 21:10:47,2025-11-26 10:05:44,Payment issue,Medium
ST002150,CL0452,2025-11-25 22:33:55,2025-11-29 11:49:38,Payment issue,Low
ST002151,CL0112,2025-11-25 22:57:39,2025-11-30 05:18:40,Other,Low
ST002152,CL0439,2025-11-26 00:23:28,2025-11-26 22:21:56,Payment issue,High
ST002153,CL0430,2025-11-26 05:21:53,2025-11-29 05:20:32,Compliance,Medium
ST002154,CL0135,2025-11-26 09:06:27,2025-11-28 23:31:58,Account,Medium
ST002155,CL0269,2025-11-26 11:59:37,2025-11-26 13:07:37,Documents,Critical
ST002156,CL0240,2025-11-26 12:05:49,2025-11-29 10:37:16,Payment issue,Medium
ST002157,CL0455,2025-11-26 13:38:19,2025-11-29 03:47:34,Other,Low
ST002158,CL0253,2025-11-26 14:06:19,2025-11-27 08:50:06,Compliance,High
ST002159,CL0062,2025-11-26 14:52:50,2025-11-28 10:54:04,Other,Medium
ST002160,CL0458,2025-11-26 15:09:39,2025-11-29 20:23:25,Payment issue,Low
ST002161,CL0269,2025-11-26 15:40:01,2025-11-29 12:44:54,Other,Medium
ST002162,CL0479,2025-11-26 16:30:53,2025-11-27 10:54:10,Account,Medium
ST002163,CL0486,2025-11-26 18:17:56,2025-12-01 03:43:22,Payment issue,Low
ST002164,CL0098,2025-11-26 20:31:49,2025-12-01 01:50:27,Technical,Low
ST002165,CL0344,2025-11-26 21:15:34,2025-11-30 15:55:45,Payment issue,Low
ST002166,CL0315,2025-11-26 21:25:40,2025-11-29 02:41:04,Payment issue,Medium
ST002167,CL0315,2025-11-26 23:50:41,2025-11-27 08:01:38,Documents,Critical
ST002168,CL0414,2025-11-26 23:50:46,2025-11-28 07:21:28,Compliance,Medium
ST002169,CL0208,2025-11-27 01:54:48,2025-11-29 18:30:07,Technical,Medium
ST002170,CL0117,2025-11-27 02:04:09,2025-11-30 01:53:31,Documents,Low
ST002171,CL0126,2025-11-27 03:08:35,2025-11-28 21:00:06,Payment issue,Medium
ST002172,CL0452,2025-11-27 04:26:11,2025-11-29 10:35:41,Account,Medium
ST002173,CL0208,2025-11-27 05:39:29,2025-11-30 02:36:16,Payment issue,Medium
ST002174,CL0452,2025-11-27 08:09:06,2025-11-28 16:39:34,Technical,Medium
ST002175,CL0126,2025-11-27 08:09:25,2025-11-29 02:30:39,Documents,Medium
ST002176,CL0137,2025-11-27 11:07:25,2025-11-30 12:14:37,Other,Low
ST002177,CL0323,2025-11-27 11:31:33,2025-12-01 09:06:16,Account,Low
ST002178,CL0458,2025-11-27 14:31:38,2025-11-29 18:30:11,Technical,Low
ST002179,CL0150,2025-11-27 15:00:34,2025-11-29 13:45:51,Account,Medium
ST002180,CL0362,2025-11-27 15:27:17,2025-12-01 15:35:05,Compliance,Low
ST002181,CL0393,2025-11-27 16:58:36,2025-11-29 20:03:17,Documents,Medium
ST002182,CL0383,2025-11-27 17:00:44,2025-11-29 13:24:15,Account,Low
ST002183,CL0031,2025-11-27 18:57:00,2025-11-29 22:00:11,Compliance,Medium
ST002184,CL0241,2025-11-27 20:08:17,2025-11-30 12:31:20,Other,Low
ST002185,CL0343,2025-11-27 21:00:42,2025-11-30 22:24:55,Payment issue,Low
ST002186,CL0458,2025-11-27 21:12:14,2025-11-27 23:59:20,Compliance,High
ST002187,CL0298,2025-11-27 22:41:38,2025-11-30 19:59:44,Account,Medium
ST002188,CL0409,2025-11-27 22:49:33,2025-11-28 19:59:49,Technical,Medium
ST002189,CL0240,2025-11-27 23:39:43,2025-11-30 02:51:09,Documents,Medium
ST002190,CL0162,2025-11-28 00:57:42,2025-11-28 12:34:24,Payment issue,Medium
ST002191,CL0304,2025-11-28 01:41:04,2025-11-29 13:30:14,Other,Low
ST002192,CL0160,2025-11-28 02:33:25,2025-11-30 22:18:51,Compliance,Medium
ST002193,CL0062,2025-11-28 03:05:31,2025-11-30 10:10:38,Other,Medium
ST002194,CL0304,2025-11-28 03:14:23,2025-11-30 19:45:30,Account,Medium
ST002195,CL0188,2025-11-28 04:29:13,2025-12-01 00:51:18,Technical,Medium
ST002196,CL0476,2025-11-28 05:51:34,2025-11-28 19:16:52,Payment issue,High
ST002197,CL0126,2025-11-28 06:03:15,2025-12-01 03:40:49,Documents,Medium
ST002198,CL0413,2025-11-28 06:10:39,2025-12-01 07:12:14,Documents,Low
ST002199,CL0126,2025-11-28 07:16:54,2025-12-02 13:33:25,Documents,Low
ST002200,CL0031,2025-11-28 10:46:24,2025-12-01 20:05:56,Documents,Low
ST002201,CL0012,2025-11-28 11:02:02,2025-12-02 04:55:51,Compliance,Low
ST002202,CL0038,2025-11-28 12:54:40,2025-11-30 14:36:18,Technical,Low
ST002203,CL0296,2025-11-28 13:28:55,2025-12-03 10:24:01,Payment issue,Low
ST002204,CL0058,2025-11-28 14:16:38,2025-11-29 18:56:14,Documents,Low
ST002205,CL0123,2025-11-28 17:33:29,2025-11-29 15:38:21,Compliance,High
ST002206,CL0012,2025-11-28 18:38:30,2025-11-29 14:01:45,Technical,Medium
ST002207,CL0178,2025-11-28 19:16:33,2025-11-30 09:12:56,Technical,Medium
ST002208,CL0474,2025-11-28 21:13:52,2025-11-29 04:05:31,Account,Critical
ST002209,CL0256,2025-11-28 21:54:20,2025-12-02 22:20:33,Account,Low
ST002210,CL0443,2025-11-28 21:57:41,2025-12-03 17:03:31,Other,Low
ST002211,CL0458,2025-11-28 22:28:16,2025-11-29 18:15:50,Documents,High
ST002212,CL0163,2025-11-28 22:44:47,2025-12-02 03:13:59,Payment issue,Low
ST002213,CL0440,2025-11-28 23:17:54,,Technical,Medium
ST002214,CL0434,2025-11-29 00:28:10,2025-12-01 15:19:05,Payment issue,Medium
ST002215,CL0359,2025-11-29 00:42:54,2025-11-30 17:16:41,Documents,Medium
ST002216,CL0135,2025-11-29 00:49:10,2025-12-01 06:55:16,Other,Low
ST002217,CL0055,2025-11-29 01:56:16,,Technical,High
ST002218,CL0126,2025-11-29 01:56:29,2025-11-30 18:30:37,Account,Medium
ST002219,CL0298,2025-11-29 02:23:39,2025-12-02 09:49:01,Compliance,Low
ST002220,CL0297,2025-11-29 02:42:07,2025-12-03 05:00:06,Technical,Low
ST002221,CL0340,2025-11-29 02:44:38,2025-12-03 20:03:00,Other,Low
ST002222,CL0394,2025-11-29 04:02:38,2025-12-03 11:43:19,Documents,Low
ST002223,CL0503,2025-11-29 04:07:22,2025-11-29 13:53:33,Compliance,Medium
ST002224,CL0477,2025-11-29 04:14:34,2025-11-30 09:42:43,Account,Medium
ST002225,CL0297,2025-11-29 05:04:33,2025-11-30 19:05:05,Compliance,Medium
ST002226,CL0298,2025-11-29 05:11:45,2025-11-29 09:07:50,Documents,Critical
ST002227,CL0237,2025-11-29 05:36:08,2025-11-30 13:10:24,Payment issue,Medium
ST002228,CL0355,2025-11-29 06:28:31,2025-12-02 00:52:04,Account,Medium
ST002229,CL0458,2025-11-29 06:43:38,2025-11-29 12:16:05,Account,Critical
ST002230,CL0371,2025-11-29 06:53:32,2025-11-29 22:47:03,Account,High
ST002231,CL0498,2025-11-29 07:20:18,2025-12-01 10:12:17,Compliance,Medium
ST002232,CL0458,2025-11-29 07:44:56,2025-12-04 06:59:24,Documents,Low
ST002233,CL0289,2025-11-29 08:03:26,2025-12-01 22:04:06,Compliance,Medium
ST002234,CL0315,2025-11-29 08:05:40,2025-11-29 14:48:01,Payment issue,Critical
ST002235,CL0097,2025-11-29 10:03:37,,Account,Low
ST002236,CL0315,2025-11-29 13:05:05,2025-11-29 16:25:04,Other,High
ST002237,CL0024,2025-11-29 13:34:17,2025-12-02 02:04:23,Payment issue,Medium
ST002238,CL0101,2025-11-29 14:08:11,2025-11-30 07:46:43,Compliance,Medium
ST002239,CL0245,2025-11-29 14:33:58,2025-12-03 08:01:38,Compliance,Low
ST002240,CL0169,2025-11-29 15:18:20,2025-11-30 14:29:48,Payment issue,High
ST002241,CL0162,2025-11-29 15:25:10,2025-11-30 11:56:46,Payment issue,High
ST002242,CL0031,2025-11-29 15:44:40,2025-11-30 13:53:47,Account,Medium
ST002243,CL0142,2025-11-29 18:06:40,2025-11-30 05:00:51,Technical,High
ST002244,CL0055,2025-11-29 18:11:29,2025-11-29 20:11:56,Documents,Critical
ST002245,CL0458,2025-11-29 18:21:27,2025-12-01 20:23:06,Compliance,Low
ST002246,CL0468,2025-11-29 19:36:18,2025-11-30 02:21:41,Compliance,High
ST002247,CL0297,2025-11-29 20:41:44,2025-11-30 16:19:06,Payment issue,High
ST002248,CL0452,2025-11-29 21:15:25,2025-12-01 05:29:16,Payment issue,Low
ST002249,CL0202,2025-11-29 22:56:03,2025-11-30 18:54:16,Technical,High
ST002250,CL0048,2025-11-29 23:58:58,2025-11-30 05:39:44,Payment issue,High
ST002251,CL0434,2025-11-30 00:03:48,2025-12-02 16:59:18,Payment issue,Low
ST002252,CL0476,2025-11-30 00:11:49,2025-11-30 14:11:32,Payment issue,High
ST002253,CL0024,2025-11-30 00:20:54,2025-12-02 16:18:11,Documents,Medium
ST002254,CL0297,2025-11-30 02:06:50,2025-12-03 05:34:02,Documents,Low
ST002255,CL0282,2025-11-30 02:11:21,2025-12-01 02:38:29,Compliance,Low
ST002256,CL0430,2025-11-30 02:17:36,2025-12-04 20:32:14,Account,Low
ST002257,CL0503,2025-11-30 03:23:05,2025-12-05 01:38:41,Payment issue,Low
ST002258,CL0165,2025-11-30 03:28:48,2025-11-30 09:31:59,Payment issue,High
ST002259,CL0502,2025-11-30 06:07:14,2025-11-30 09:38:45,Payment issue,High
ST002260,CL0031,2025-11-30 06:51:33,2025-12-02 01:04:04,Technical,Low
ST002261,CL0479,2025-11-30 07:05:12,2025-12-01 16:44:51,Payment issue,Medium
ST002262,CL0137,2025-11-30 07:34:30,2025-12-01 21:09:26,Payment issue,Low
ST002263,CL0356,2025-11-30 08:47:24,2025-12-02 20:51:29,Documents,Medium
ST002264,CL0039,2025-11-30 10:18:21,2025-12-01 22:00:21,Payment issue,Medium
ST002265,CL0377,2025-11-30 11:32:05,2025-12-02 16:08:36,Compliance,Medium
ST002266,CL0074,2025-11-30 12:53:55,2025-12-01 14:57:07,Compliance,Medium
ST002267,CL0356,2025-11-30 13:40:08,2025-12-01 00:33:32,Payment issue,High
ST002268,CL0374,2025-11-30 13:44:06,2025-12-01 07:08:40,Payment issue,High
ST002269,CL0427,2025-11-30 13:56:38,2025-12-01 00:29:03,Technical,High
ST002270,CL0362,2025-11-30 15:19:55,2025-12-03 01:33:42,Payment issue,Medium
ST002271,CL0468,2025-11-30 15:23:35,2025-11-30 23:33:48,Technical,High
ST002272,CL0452,2025-11-30 15:25:54,2025-12-02 14:15:50,Compliance,Medium
ST002273,CL0455,2025-11-30 17:24:32,2025-12-03 23:47:22,Other,Low
ST002274,CL0271,2025-11-30 19:26:11,2025-12-05 06:19:13,Compliance,Low
ST002275,CL0304,2025-11-30 19:33:18,2025-12-03 18:41:39,Documents,Medium
ST002276,CL0202,2025-11-30 21:04:44,2025-12-03 18:22:30,Payment issue,Low
ST002277,CL0431,2025-11-30 21:23:21,2025-12-01 09:45:01,Payment issue,Medium
ST002278,CL0296,2025-12-01 17:47:20,2025-12-04 15:10:53,Documents,Low
ST002279,CL0502,2025-12-01 20:41:12,2025-12-05 22:15:04,Technical,Low
ST002280,CL0306,2025-12-02 00:57:04,2025-12-03 21:16:45,Compliance,Medium
ST002281,CL0498,2025-12-02 03:19:10,2025-12-03 07:20:51,Other,Low
ST002282,CL0438,2025-12-02 09:57:58,2025-12-03 02:34:53,Payment issue,Medium
ST002283,CL0453,2025-12-02 15:46:58,2025-12-03 14:08:16,Compliance,High
ST002284,CL0109,2025-12-03 01:10:47,2025-12-03 03:02:24,Documents,Critical
ST002285,CL0018,2025-12-03 03:18:31,2025-12-04 18:00:37,Payment issue,Low
ST002286,CL0453,2025-12-03 05:06:26,2025-12-03 09:49:03,Compliance,Critical
ST002287,CL0035,2025-12-03 13:23:15,2025-12-06 11:42:45,Technical,Low
ST002288,CL0052,2025-12-03 14:13:30,2025-12-04 22:59:05,Compliance,Medium
ST002289,CL0453,2025-12-03 23:18:44,2025-12-07 09:57:13,Compliance,Low
ST002290,CL0193,2025-12-04 02:59:00,2025-12-06 15:26:48,Account,Low
ST002291,CL0324,2025-12-04 05:11:05,2025-12-06 14:55:57,Compliance,Low
ST002292,CL0507,2025-12-04 07:39:29,2025-12-06 00:35:26,Payment issue,Low
ST002293,CL0119,2025-12-04 09:20:29,2025-12-08 10:02:35,Compliance,Low
ST002294,CL0340,2025-12-04 17:31:25,2025-12-05 07:09:26,Documents,Medium
ST002295,CL0051,2025-12-04 17:46:01,2025-12-05 19:35:48,Payment issue,High
ST002296,CL0290,2025-12-04 18:14:48,2025-12-07 01:46:49,Documents,Medium
ST002297,CL0391,2025-12-04 18:15:43,2025-12-05 17:50:10,Payment issue,Medium
ST002298,CL0480,2025-12-05 01:34:11,2025-12-05 17:24:51,Payment issue,High
ST002299,CL0301,2025-12-05 04:53:23,2025-12-08 11:21:33,Payment issue,Low
ST002300,CL0181,2025-12-05 07:05:14,2025-12-06 07:15:08,Payment issue,High
ST002301,CL0285,2025-12-05 07:16:27,2025-12-08 02:03:04,Payment issue,Medium
ST002302,CL0426,2025-12-05 09:11:29,2025-12-06 13:43:23,Other,Low
ST002303,CL0124,2025-12-05 10:18:18,2025-12-05 13:40:08,Compliance,High
ST002304,CL0191,2025-12-05 12:22:01,2025-12-08 18:21:23,Payment issue,Low
ST002305,CL0474,2025-12-05 13:00:19,2025-12-06 06:01:07,Payment issue,High
ST002306,CL0498,2025-12-05 18:58:59,2025-12-07 07:27:48,Documents,Medium
ST002307,CL0361,2025-12-05 20:50:50,2025-12-07 15:50:51,Documents,Low
ST002308,CL0103,2025-12-05 21:45:25,2025-12-09 05:22:18,Account,Low
ST002309,CL0336,2025-12-06 00:59:23,2025-12-10 02:33:36,Payment issue,Low
ST002310,CL0474,2025-12-06 03:56:36,2025-12-07 20:43:00,Account,Medium
ST002311,CL0021,2025-12-06 06:47:14,2025-12-07 19:02:07,Documents,Low
ST002312,CL0181,2025-12-06 10:17:39,2025-12-09 04:26:54,Payment issue,Medium
ST002313,CL0324,2025-12-06 10:23:31,2025-12-07 02:05:03,Other,High
ST002314,CL0182,2025-12-06 10:45:59,2025-12-08 16:16:46,Account,Medium
ST002315,CL0233,2025-12-06 11:18:51,2025-12-07 21:14:04,Account,Medium
ST002316,CL0226,2025-12-06 11:27:59,2025-12-10 19:53:02,Payment issue,Low
ST002317,CL0011,2025-12-06 13:20:26,2025-12-06 22:26:37,Technical,High
ST002318,CL0347,2025-12-06 18:55:14,2025-12-08 05:02:50,Account,Low
ST002319,CL0498,2025-12-06 23:33:12,2025-12-09 23:07:02,Technical,Low
ST002320,CL0271,2025-12-07 01:34:50,2025-12-07 16:10:19,Documents,High
ST002321,CL0185,2025-12-07 02:20:51,2025-12-07 22:06:03,Account,High
ST002322,CL0278,2025-12-07 04:00:41,,Other,Medium
ST002323,CL0281,2025-12-07 10:36:52,2025-12-09 08:59:16,Compliance,Low
ST002324,CL0474,2025-12-07 11:11:04,2025-12-08 00:35:29,Technical,High
ST002325,CL0174,2025-12-07 13:14:47,2025-12-07 22:49:15,Compliance,High
ST002326,CL0449,2025-12-07 14:06:03,2025-12-08 08:18:19,Technical,High
ST002327,CL0502,2025-12-07 14:27:21,2025-12-10 05:24:37,Payment issue,Medium
ST002328,CL0185,2025-12-07 20:35:42,2025-12-08 05:09:13,Documents,Critical
ST002329,CL0050,2025-12-07 23:51:46,2025-12-09 22:25:36,Payment issue,Medium
ST002330,CL0441,2025-12-08 00:13:37,2025-12-12 11:08:10,Account,Low
ST002331,CL0264,2025-12-08 04:53:16,2025-12-10 13:46:01,Account,Low
ST002332,CL0225,2025-12-08 06:03:57,2025-12-08 09:48:09,Technical,High
ST002333,CL0430,2025-12-08 07:41:21,2025-12-08 14:55:13,Documents,Critical
ST002334,CL0224,2025-12-08 09:02:01,2025-12-09 15:46:47,Documents,Low
ST002335,CL0027,2025-12-08 10:10:45,2025-12-09 00:33:35,Documents,High
ST002336,CL0290,2025-12-08 10:28:45,2025-12-08 21:12:13,Payment issue,High
ST002337,CL0410,2025-12-08 11:43:26,2025-12-09 20:32:56,Payment issue,Low
ST002338,CL0419,2025-12-08 12:41:49,2025-12-11 01:48:44,Account,Medium
ST002339,CL0095,2025-12-08 13:42:00,2025-12-08 17:19:16,Documents,Critical
ST002340,CL0480,2025-12-08 18:13:55,2025-12-09 14:26:08,Payment issue,Medium
ST002341,CL0103,2025-12-08 19:00:09,2025-12-11 01:56:04,Payment issue,Medium
ST002342,CL0422,2025-12-08 19:30:05,2025-12-10 06:27:38,Payment issue,Medium
ST002343,CL0464,2025-12-08 20:42:09,2025-12-13 11:19:48,Account,Low
ST002344,CL0282,2025-12-08 23:11:29,2025-12-09 02:05:58,Payment issue,High
ST002345,CL0498,2025-12-08 23:27:39,2025-12-12 20:43:56,Documents,Low
ST002346,CL0140,2025-12-08 23:50:04,2025-12-09 19:11:21,Account,High
ST002347,CL0125,2025-12-09 01:12:31,2025-12-09 23:50:45,Payment issue,High
ST002348,CL0461,2025-12-09 02:23:07,2025-12-11 22:11:52,Payment issue,Medium
ST002349,CL0069,2025-12-09 05:03:04,,Other,Low
ST002350,CL0259,2025-12-09 05:28:26,2025-12-12 04:52:04,Compliance,Medium
ST002351,CL0409,2025-12-09 07:06:43,,Documents,High
ST002352,CL0193,2025-12-09 09:35:59,2025-12-11 20:40:42,Account,Medium
ST002353,CL0292,2025-12-09 12:32:31,2025-12-09 19:36:59,Other,Critical
ST002354,CL0011,2025-12-09 15:34:06,2025-12-11 06:54:50,Payment issue,Medium
ST002355,CL0101,2025-12-09 16:29:56,2025-12-13 22:40:51,Account,Low
ST002356,CL0025,2025-12-09 19:46:03,2025-12-11 21:18:23,Compliance,Medium
ST002357,CL0375,2025-12-09 21:34:45,2025-12-10 08:15:05,Documents,Medium
ST002358,CL0498,2025-12-09 22:22:18,2025-12-10 15:36:14,Payment issue,Medium
ST002359,CL0020,2025-12-09 23:18:39,2025-12-12 16:19:23,Payment issue,Medium
ST002360,CL0419,2025-12-10 02:27:48,2025-12-10 20:09:34,Payment issue,Medium
ST002361,CL0324,2025-12-10 02:35:55,2025-12-12 14:36:22,Compliance,Medium
ST002362,CL0051,2025-12-10 03:03:39,2025-12-10 15:30:57,Documents,High
ST002363,CL0263,2025-12-10 04:44:56,2025-12-12 00:58:58,Other,Medium
ST002364,CL0225,2025-12-10 15:02:40,2025-12-13 22:43:53,Payment issue,Low
ST002365,CL0388,2025-12-10 15:38:47,2025-12-14 04:42:11,Payment issue,Low
ST002366,CL0449,2025-12-10 15:55:07,2025-12-10 23:45:45,Documents,Critical
ST002367,CL0340,2025-12-10 18:22:02,2025-12-12 16:13:59,Documents,Medium
ST002368,CL0355,2025-12-10 20:22:25,2025-12-11 20:36:18,Account,Low
ST002369,CL0493,2025-12-10 23:54:13,2025-12-14 15:39:51,Compliance,Low
ST002370,CL0497,2025-12-11 01:36:24,2025-12-11 18:12:19,Payment issue,Medium
ST002371,CL0311,2025-12-11 04:32:39,2025-12-12 06:07:05,Documents,High
ST002372,CL0220,2025-12-11 05:50:42,2025-12-12 03:08:00,Documents,Medium
ST002373,CL0109,2025-12-11 07:06:13,2025-12-13 02:25:59,Compliance,Low
ST002374,CL0289,2025-12-11 09:25:33,2025-12-11 18:03:30,Payment issue,Critical
ST002375,CL0023,2025-12-11 10:32:19,,Other,Medium
ST002376,CL0474,2025-12-11 14:12:11,2025-12-15 18:59:29,Payment issue,Low
ST002377,CL0264,2025-12-11 15:30:02,2025-12-11 19:19:47,Other,High
ST002378,CL0416,2025-12-11 15:53:49,2025-12-12 18:55:16,Account,Low
ST002379,CL0296,2025-12-11 17:30:23,2025-12-15 21:48:33,Technical,Low
ST002380,CL0281,2025-12-11 22:59:40,2025-12-14 06:33:13,Payment issue,Medium
ST002381,CL0298,2025-12-11 23:37:19,2025-12-12 05:16:19,Payment issue,Critical
ST002382,CL0116,2025-12-12 06:25:29,2025-12-15 07:22:10,Documents,Low
ST002383,CL0045,2025-12-12 06:34:03,2025-12-14 08:43:47,Documents,Low
ST002384,CL0222,2025-12-12 08:30:48,2025-12-14 19:27:04,Account,Medium
ST002385,CL0021,2025-12-12 10:09:41,2025-12-16 09:30:12,Documents,Low
ST002386,CL0116,2025-12-12 17:49:27,2025-12-12 20:58:33,Technical,High
ST002387,CL0375,2025-12-12 17:54:38,2025-12-12 20:33:58,Documents,High
ST002388,CL0316,2025-12-12 19:08:10,2025-12-12 21:01:19,Payment issue,Critical
ST002389,CL0144,2025-12-12 19:10:35,2025-12-13 07:32:27,Compliance,High
ST002390,CL0403,2025-12-12 20:54:23,2025-12-13 03:38:00,Payment issue,High
ST002391,CL0487,2025-12-13 02:45:44,2025-12-14 01:39:32,Technical,High
ST002392,CL0144,2025-12-13 07:21:25,2025-12-13 19:06:08,Compliance,Medium
ST002393,CL0108,2025-12-13 07:31:01,2025-12-13 21:58:37,Payment issue,Medium
ST002394,CL0006,2025-12-13 09:00:40,2025-12-14 17:22:19,Payment issue,Medium
ST002395,CL0336,2025-12-13 14:58:20,2025-12-13 18:29:01,Compliance,High
ST002396,CL0058,2025-12-13 16:30:08,2025-12-16 11:02:49,Payment issue,Medium
ST002397,CL0290,2025-12-13 19:38:23,2025-12-14 01:39:47,Account,Critical
ST002398,CL0042,2025-12-13 20:06:00,2025-12-17 02:13:49,Payment issue,Low
ST002399,CL0051,2025-12-13 21:30:10,2025-12-14 21:30:17,Payment issue,Medium
ST002400,CL0473,2025-12-14 01:47:22,2025-12-14 07:46:37,Payment issue,Critical
ST002401,CL0022,2025-12-14 06:56:44,2025-12-14 15:39:24,Payment issue,Medium
ST002402,CL0391,2025-12-14 07:26:57,2025-12-14 19:53:58,Technical,Medium
ST002403,CL0285,2025-12-14 07:54:14,2025-12-18 04:10:15,Documents,Low
ST002404,CL0324,2025-12-14 09:59:36,2025-12-17 17:29:10,Payment issue,Low
ST002405,CL0487,2025-12-14 15:07:41,2025-12-16 19:11:01,Documents,Medium
ST002406,CL0273,2025-12-14 15:32:27,2025-12-19 01:46:22,Technical,Low
ST002407,CL0324,2025-12-14 21:06:25,2025-12-17 08:31:04,Account,Medium
ST002408,CL0406,2025-12-14 22:14:06,2025-12-18 18:20:39,Payment issue,Low
ST002409,CL0347,2025-12-15 00:57:11,2025-12-17 08:22:42,Payment issue,Low
ST002410,CL0043,2025-12-15 01:46:58,2025-12-16 10:06:00,Documents,Medium
ST002411,CL0419,2025-12-15 01:47:53,2025-12-17 23:24:10,Compliance,Medium
ST002412,CL0116,2025-12-15 06:35:08,2025-12-18 23:38:19,Account,Low
ST002413,CL0336,2025-12-15 09:51:36,2025-12-16 19:48:52,Account,Medium
ST002414,CL0150,2025-12-15 11:51:46,2025-12-17 21:03:33,Payment issue,Medium
ST002415,CL0191,2025-12-15 14:59:04,2025-12-17 10:11:07,Account,Medium
ST002416,CL0447,2025-12-15 15:21:01,2025-12-16 05:22:39,Technical,High
ST002417,CL0098,2025-12-15 15:41:57,2025-12-18 12:25:58,Other,Medium
ST002418,CL0052,2025-12-15 17:28:49,2025-12-18 21:11:40,Compliance,Low
ST002419,CL0263,2025-12-15 21:16:03,2025-12-17 02:58:05,Compliance,Low
ST002420,CL0453,2025-12-16 00:35:11,2025-12-18 03:58:27,Documents,Medium
ST002421,CL0022,2025-12-16 07:14:33,2025-12-18 12:14:53,Documents,Medium
ST002422,CL0281,2025-12-16 10:18:00,2025-12-20 22:38:35,Payment issue,Low
ST002423,CL0101,2025-12-16 11:08:56,2025-12-20 11:43:56,Other,Low
ST002424,CL0498,2025-12-16 11:31:00,2025-12-18 03:13:31,Payment issue,Low
ST002425,CL0472,2025-12-16 12:13:38,2025-12-19 21:54:42,Account,Low
ST002426,CL0185,2025-12-16 14:05:48,2025-12-17 11:27:37,Payment issue,High
ST002427,CL0387,2025-12-16 18:59:53,2025-12-16 21:49:58,Other,High
ST002428,CL0331,2025-12-16 19:19:38,2025-12-17 22:50:35,Account,Low
ST002429,CL0424,2025-12-17 00:52:30,2025-12-17 11:41:29,Payment issue,High
ST002430,CL0233,2025-12-17 01:51:27,2025-12-19 20:54:43,Payment issue,Low
ST002431,CL0334,2025-12-17 03:41:11,2025-12-20 00:27:08,Payment issue,Medium
ST002432,CL0290,2025-12-17 04:04:06,2025-12-19 01:53:15,Compliance,Medium
ST002433,CL0322,2025-12-17 07:11:05,2025-12-19 07:28:18,Other,Low
ST002434,CL0201,2025-12-17 08:22:07,,Payment issue,Low
ST002435,CL0331,2025-12-17 19:36:06,,Documents,Low
ST002436,CL0425,2025-12-17 23:45:11,2025-12-20 14:16:41,Payment issue,Medium
ST002437,CL0331,2025-12-18 01:46:04,,Documents,High
ST002438,CL0270,2025-12-18 02:44:30,2025-12-19 20:05:32,Technical,Low
ST002439,CL0042,2025-12-18 03:16:08,2025-12-18 16:50:49,Payment issue,High
ST002440,CL0319,2025-12-18 04:02:04,2025-12-19 03:01:10,Payment issue,Medium
ST002441,CL0211,2025-12-18 04:22:20,,Payment issue,Low
ST002442,CL0374,2025-12-18 05:20:30,2025-12-20 01:49:07,Technical,Low
ST002443,CL0098,2025-12-18 06:32:56,,Technical,Low
ST002444,CL0092,2025-12-18 09:07:57,,Documents,Low
ST002445,CL0076,2025-12-18 13:01:25,2025-12-19 14:26:20,Documents,Medium
ST002446,CL0260,2025-12-18 14:59:51,,Other,Low
ST002447,CL0474,2025-12-18 15:26:17,2025-12-20 03:13:53,Documents,Medium
ST002448,CL0098,2025-12-18 15:28:29,2025-12-19 17:03:28,Compliance,Low
ST002449,CL0342,2025-12-18 16:47:44,2025-12-19 10:28:39,Payment issue,Medium
ST002450,CL0278,2025-12-18 17:21:55,2025-12-19 04:59:59,Technical,Medium
ST002451,CL0324,2025-12-18 21:53:44,2025-12-19 09:53:19,Payment issue,Medium
ST002452,CL0414,2025-12-19 02:02:54,2025-12-19 12:39:58,Payment issue,High
ST002453,CL0431,2025-12-19 02:24:25,,Account,Medium
ST002454,CL0377,2025-12-19 03:25:10,2025-12-20 13:36:28,Account,Low
ST002455,CL0242,2025-12-19 04:33:35,,Account,Medium
ST002456,CL0109,2025-12-19 04:36:09,,Compliance,Low
ST002457,CL0023,2025-12-19 05:03:16,2025-12-19 17:23:31,Technical,Medium
ST002458,CL0414,2025-12-19 05:44:26,,Technical,Low
ST002459,CL0375,2025-12-19 07:39:57,,Compliance,Low
ST002460,CL0306,2025-12-19 08:23:14,2025-12-20 07:01:06,Documents,High
ST002461,CL0098,2025-12-19 09:20:30,2025-12-20 04:06:16,Payment issue,Medium
ST002462,CL0315,2025-12-19 10:03:57,,Documents,Medium
ST002463,CL0341,2025-12-19 10:23:36,,Payment issue,Medium
ST002464,CL0256,2025-12-19 10:35:06,,Payment issue,Medium
ST002465,CL0363,2025-12-19 10:56:35,,Account,Low
ST002466,CL0277,2025-12-19 12:01:14,2025-12-19 15:56:58,Compliance,High
ST002467,CL0191,2025-12-19 12:51:03,2025-12-20 19:29:39,Account,Medium
ST002468,CL0341,2025-12-19 13:01:03,2025-12-20 02:24:43,Payment issue,Medium
ST002469,CL0414,2025-12-19 13:34:45,,Payment issue,Medium
ST002470,CL0274,2025-12-19 14:15:30,,Documents,Low
ST002471,CL0202,2025-12-19 14:16:16,,Documents,Low
ST002472,CL0470,2025-12-19 14:51:26,,Other,Medium
ST002473,CL0117,2025-12-19 15:04:58,,Payment issue,Medium
ST002474,CL0193,2025-12-19 15:14:40,2025-12-20 05:04:35,Account,Medium
ST002475,CL0298,2025-12-19 15:19:50,2025-12-20 11:56:08,Payment issue,Medium
ST002476,CL0419,2025-12-19 15:50:46,,Compliance,Medium
ST002477,CL0176,2025-12-19 16:43:18,,Payment issue,Low
ST002478,CL0256,2025-12-19 18:33:29,,Payment issue,Medium
ST002479,CL0384,2025-12-19 18:54:06,,Technical,Low
ST002480,CL0452,2025-12-19 19:08:03,,Technical,Low
ST002481,CL0455,2025-12-19 19:40:24,,Account,Medium
ST002482,CL0230,2025-12-19 20:19:05,,Technical,Low
ST002483,CL0074,2025-12-19 20:56:49,,Documents,Medium
ST002484,CL0350,2025-12-19 21:27:18,2025-12-20 13:27:01,Documents,Medium
ST002485,CL0446,2025-12-19 21:30:23,2025-12-20 12:51:23,Technical,Medium
ST002486,CL0476,2025-12-19 23:17:20,,Documents,Medium
ST002487,CL0393,2025-12-19 23:19:51,,Payment issue,Medium
ST002488,CL0426,2025-12-19 23:37:16,,Account,Low
ST002489,CL0455,2025-12-19 23:45:37,2025-12-20 07:56:02,Documents,High
ST002490,CL0381,2025-12-19 23:50:23,,Technical,Low
ST002491,CL0025,2025-12-20 00:16:49,,Documents,Medium
ST002492,CL0051,2025-12-20 00:23:12,,Technical,Low
ST002493,CL0280,2025-12-20 00:54:37,,Payment issue,High
ST002494,CL0341,2025-12-20 01:18:32,,Account,Medium
ST002495,CL0329,2025-12-20 01:44:34,,Account,Low
ST002496,CL0453,2025-12-20 01:45:35,2025-12-20 22:22:21,Documents,Medium
ST002497,CL0401,2025-12-20 02:00:54,,Technical,Medium
ST002498,CL0369,2025-12-20 02:11:21,,Other,Medium
ST002499,CL0100,2025-12-20 02:50:40,,Payment issue,Low
ST002500,CL0350,2025-12-20 03:22:30,,Account,Low
ST002501,CL0222,2025-12-20 03:40:46,,Payment issue,Low
ST002502,CL0380,2025-12-20 04:28:57,,Technical,Medium
ST002503,CL0364,2025-12-20 05:07:11,,Payment issue,Medium
ST002504,CL0391,2025-12-20 05:12:37,2025-12-20 19:54:54,Other,Medium
ST002505,CL0108,2025-12-20 05:14:39,,Account,Medium
ST002506,CL0440,2025-12-20 05:37:26,2025-12-20 18:36:02,Documents,Medium
ST002507,CL0341,2025-12-20 05:46:06,2025-12-20 18:35:01,Other,Medium
ST002508,CL0074,2025-12-20 06:03:27,2025-12-20 10:21:44,Account,High
ST002509,CL0440,2025-12-20 06:17:26,,Technical,Medium
ST002510,CL0126,2025-12-20 07:11:33,,Compliance,Medium
ST002511,CL0274,2025-12-20 07:15:58,2025-12-20 22:12:54,Payment issue,Medium
ST002512,CL0220,2025-12-20 08:04:41,,Payment issue,Medium
ST002513,CL0059,2025-12-20 08:05:38,,Technical,Low
ST002514,CL0356,2025-12-20 08:11:02,,Account,Low
ST002515,CL0427,2025-12-20 08:23:31,2025-12-20 14:02:50,Other,Critical
ST002516,CL0256,2025-12-20 08:38:55,,Account,Medium
ST002517,CL0038,2025-12-20 09:11:43,,Compliance,Low
ST002518,CL0048,2025-12-20 09:27:40,2025-12-20 20:22:57,Documents,High
ST002519,CL0381,2025-12-20 09:32:47,,Account,Low
ST002520,CL0476,2025-12-20 09:36:07,,Other,Medium
ST002521,CL0256,2025-12-20 10:12:21,,Payment issue,High
ST002522,CL0350,2025-12-20 10:54:35,,Technical,Low
ST002523,CL0294,2025-12-20 11:03:29,,Documents,Low
ST002524,CL0436,2025-12-20 11:22:01,,Technical,Medium
ST002525,CL0074,2025-12-20 12:03:49,,Other,Medium
ST002526,CL0298,2025-12-20 12:46:22,,Compliance,Low
ST002527,CL0117,2025-12-20 12:58:28,,Compliance,Low
ST002528,CL0138,2025-12-20 13:33:36,,Compliance,Low
ST002529,CL0315,2025-12-20 14:00:56,,Other,Low
ST002530,CL0160,2025-12-20 14:23:15,,Payment issue,High
ST002531,CL0314,2025-12-20 15:41:48,2025-12-20 23:46:55,Technical,Critical
ST002532,CL0240,2025-12-20 15:43:48,,Technical,Medium
ST002533,CL0381,2025-12-20 15:45:27,,Technical,Low
ST002534,CL0285,2025-12-20 15:48:21,,Other,High
ST002535,CL0344,2025-12-20 16:18:27,,Compliance,Low
ST002536,CL0440,2025-12-20 16:31:12,,Payment issue,Low
ST002537,CL0048,2025-12-20 16:32:33,,Payment issue,Medium
ST002538,CL0393,2025-12-20 16:35:37,,Payment issue,Low
ST002539,CL0126,2025-12-20 16:54:05,,Technical,High
ST002540,CL0452,2025-12-20 16:56:30,,Other,High
ST002541,CL0256,2025-12-20 17:51:17,,Technical,Medium
ST002542,CL0476,2025-12-20 17:57:13,,Payment issue,Medium
ST002543,CL0381,2025-12-20 18:34:33,,Technical,Low
ST002544,CL0365,2025-12-20 18:35:58,,Compliance,High
ST002545,CL0261,2025-12-20 19:14:17,,Documents,Medium
ST002546,CL0140,2025-12-20 19:24:23,,Other,Medium
ST002547,CL0369,2025-12-20 19:52:07,,Technical,Medium
ST002548,CL0356,2025-12-20 20:17:11,,Compliance,Low
ST002549,CL0162,2025-12-20 20:49:35,,Compliance,High
ST002550,CL0057,2025-12-20 20:54:18,,Compliance,Medium
ST002551,CL0162,2025-12-20 21:16:26,,Payment issue,Low
ST002552,CL0294,2025-12-20 21:36:49,,Documents,High
ST002553,CL0118,2025-12-20 21:57:44,,Account,Low
ST002554,CL0315,2025-12-20 22:00:44,,Compliance,Medium
ST002555,CL0481,2025-12-20 22:26:43,,Documents,High
ST002556,CL0117,2025-12-20 22:55:43,,Other,Medium
ST002557,CL0271,2025-12-20 22:58:01,,Payment issue,Low
ST002558,CL0118,2025-12-20 23:19:22,,Payment issue,Medium
ST002559,CL0475,2025-12-20 23:31:23,,Payment issue,Low
ST002560,CL0452,2025-12-20 23:46:38,,Documents,Low
